PCB,Type,Reference,Value,Quantity,Footprint,Part Number,DNP,Datasheet,Link
Hardware / Off-the-Shelf,Servo Motor,,80KG High Torque Digital Servo (270°),3,,80KG 270°,,"1/5 scale waterproof metal gear servos for base, shoulder, and elbow joints",https://www.aliexpress.com/item/1005007314488392.html
Hardware / Off-the-Shelf,Servo Motor,,MG996R Metal Gear Digital Servo,4,,MG996R,,4.8V–6.0V high torque standard servos for wrist and gripper joints,https://www.aliexpress.com/item/1005008413371371.html
Hardware / Off-the-Shelf,Hardware,,18T Round Disc Metal Servo Horn,2,,18T Disc,,Round disc steering servo horn for 60KG/80KG/150KG servos,https://www.aliexpress.us/item/3256807206931134.html?spm=a2g0o.productlist.main.9.741d8cce7npNM8&algo_pvid=76ea85b5-3475-48e7-a43c-c0fa06abfd4f&algo_exp_id=76ea85b5-3475-48e7-a43c-c0fa06abfd4f-8&pdp_ext_f=%7B%22order%22%3A%2287%22%2C%22eval%22%3A%221%22%2C%22fromPage%22%3A%22search%22%7D&pdp_npi=6%40dis%21USD%213.12%213.12%21%21%213.12%213.12%21%402101e75417906272356213761e0f7f%2112000040563545569%21sea%21US%212891746612%21X%211%210%21n_tag%3A-29919%3Bd%3A6dcb8e0a%3Bm03_new_user%3A-29895&curPageLogUid=LFs17y7q5TM3&utparam-url=scene%3Asearch%7Cquery_from%3A%7Cx_object_id%3A1005007393245886%7C_p_origin_prod%3A
Hardware / Off-the-Shelf,Hardware,,MG996R Metal Servo Horns (25T),4,,25T Horn,,Metal steering servo horns for MG996R servos,https://www.aliexpress.us/item/3256811964799543.html?spm=a2g0o.productlist.main.9.7dd94603On9EAE&algo_pvid=e16d6fb9-ca4b-46d7-a97f-2976e7b034ed&algo_exp_id=e16d6fb9-ca4b-46d7-a97f-2976e7b034ed-8&pdp_ext_f=%7B%22order%22%3A%2229%22%2C%22eval%22%3A%221%22%2C%22fromPage%22%3A%22search%22%7D&pdp_npi=6%40dis%21USD%213.45%213.45%21%21%2123.06%2123.06%21%402101d3fe17906272478427031e12ba%2112000057641054222%21sea%21US%212891746612%21X%211%210%21n_tag%3A-29919%3Bd%3A6dcb8e0a%3Bm03_new_user%3A-29895&curPageLogUid=k0UkhpWwbytt&utparam-url=scene%3Asearch%7Cquery_from%3A%7Cx_object_id%3A1005012151114295%7C_p_origin_prod%3A
Hardware / Off-the-Shelf,Bearing,,6806-2RS Deep Groove Ball Bearings,2,,6806-2RS,,30mm ID x 42mm OD x 7mm bore double sealed chrome steel bearings for joints,https://www.aliexpress.us/item/3256805896194394.html?spm=a2g0o.productlist.main.2.41e11384U8iG6y&algo_pvid=f9b76a2a-167c-4e4e-841b-79dc624c8d4b&algo_exp_id=f9b76a2a-167c-4e4e-841b-79dc624c8d4b-1&pdp_ext_f=%7B%22order%22%3A%22125%22%2C%22eval%22%3A%221%22%2C%22fromPage%22%3A%22search%22%7D&pdp_npi=6%40dis%21USD%219.04%219.04%21%21%2160.37%2160.37%21%402101c4ea17906272603893088e0f91%2112000058220110375%21sea%21US%212891746612%21X%211%210%21n_tag%3A-29919%3Bd%3A6dcb8e0a%3Bm03_new_user%3A-29895&curPageLogUid=POW02X4nniLX&utparam-url=scene%3Asearch%7Cquery_from%3A%7Cx_object_id%3A1005006082509146%7C_p_origin_prod%3A
Hardware / Off-the-Shelf,Magnet,,Radial Magnet for AS5600,4,,Radial Magnet,,Diametrically / radially magnetized disc magnets for AS5600 magnetic encoders,https://www.aliexpress.us/item/3256812696378533.html?spm=a2g0o.productlist.main.2.48406a91DkZk8e&algo_pvid=4a875b4f-6416-449f-8e05-ff96177a24f1&algo_exp_id=4a875b4f-6416-449f-8e05-ff96177a24f1-1&pdp_ext_f=%7B%22order%22%3A%2213%22%2C%22eval%22%3A%221%22%2C%22fromPage%22%3A%22search%22%7D&pdp_npi=6%40dis%21USD%216.36%213.18%21%21%2142.50%2121.25%21%402101de2517906272868341093e11d8%2112000059612191183%21sea%21US%212891746612%21X%211%210%21n_tag%3A-29919%3Bd%3A6dcb8e0a%3Bm03_new_user%3A-29895&curPageLogUid=ms3lq8WgvvyG&utparam-url=scene%3Asearch%7Cquery_from%3A%7Cx_object_id%3A1005012882693285%7C_p_origin_prod%3A
Hardware / Off-the-Shelf,Magnet,,6x2mm Neodymium Disc Magnets (N35),1 pack,,N35 6x2mm,,Permanent NdFeB round magnets for latching/accessories,https://www.aliexpress.us/item/3256812381175382.html?spm=a2g0o.productlist.main.3.6e12487dHqL9Ct&algo_pvid=693e3c62-3070-488b-8001-e15c0f3d7e28&algo_exp_id=693e3c62-3070-488b-8001-e15c0f3d7e28-2&pdp_ext_f=%7B%22order%22%3A%2253%22%2C%22eval%22%3A%221%22%2C%22fromPage%22%3A%22search%22%7D&pdp_npi=6%40dis%21USD%215.60%212.69%21%21%2137.41%2117.96%21%402101c4ea17906272969054365e0f91%2112000058717549322%21sea%21US%212891746612%21X%211%210%21n_tag%3A-29919%3Bd%3A6dcb8e0a%3Bm03_new_user%3A-29895&curPageLogUid=hxDDuVEMocB6&utparam-url=scene%3Asearch%7Cquery_from%3A%7Cx_object_id%3A1005012567490134%7C_p_origin_prod%3A
Hardware / Off-the-Shelf,Fastener,,M2.5 Heat-Set Brass Threaded Inserts,100 pcs,,M2.5*3*4,,M2.5 x 3mm x 4mm knurled embed nuts for 3D printed components,https://www.aliexpress.us/item/3256803590420762.html?spm=a2g0o.productlist.main.14.19a76574rk2ndf&aem_p4p_detail=202609281328263733255428752400003091825&algo_pvid=baa92169-4d62-48dd-aeb0-b23878ee4405&algo_exp_id=baa92169-4d62-48dd-aeb0-b23878ee4405-43&pdp_ext_f=%7B%22order%22%3A%22167%22%2C%22eval%22%3A%221%22%2C%22fromPage%22%3A%22search%22%7D&pdp_npi=6%40dis%21USD%2111.79%2111.79%21%21%2178.75%2178.75%21%402101e81117906273061306894e12c1%2112000032373736921%21sea%21US%212891746612%21X%211%210%21n_tag%3A-29919%3Bd%3A6dcb8e0a%3Bm03_new_user%3A-29895&curPageLogUid=q4oyedIYWKRR&utparam-url=scene%3Asearch%7Cquery_from%3A%7Cx_object_id%3A1005003776735514%7C_p_origin_prod%3A&search_p4p_id=202609281328263733255428752400003091825_17
Hardware / Off-the-Shelf,Fastener,,M2.5 Screw Assortment,1 pack,,M2.5 Assorted,,Assorted lengths for robot arm structure and PCB mounting,https://www.aliexpress.us/item/3256806640918365.html?spm=a2g0o.productlist.main.9.181c4f02NWcati&algo_pvid=20bfa238-2b80-45d9-8078-9c2e490b0b57&algo_exp_id=20bfa238-2b80-45d9-8078-9c2e490b0b57-8&pdp_ext_f=%7B%22order%22%3A%221542%22%2C%22eval%22%3A%221%22%2C%22fromPage%22%3A%22search%22%7D&pdp_npi=6%40dis%21USD%216.60%216.60%21%21%216.60%216.60%21%402101c4ea17906273345485918e0f91%2112000038430358098%21sea%21US%212891746612%21X%211%210%21n_tag%3A-29919%3Bd%3A6dcb8e0a%3Bm03_new_user%3A-29895&curPageLogUid=zy6gPLESrgR4&utparam-url=scene%3Asearch%7Cquery_from%3A%7Cx_object_id%3A1005006827233117%7C_p_origin_prod%3A
Hardware / Off-the-Shelf,Fastener,,M3 Low-Profile Socket Head Screws,1 pack,,M3 Hex Cap,,304 stainless steel Allen hex thin/short head cap bolts,https://www.aliexpress.us/item/3256811908204179.html?spm=a2g0o.productlist.main.1.6c701a36cwFl4T&algo_pvid=5edc6ef6-8dd0-471a-b58c-11b12b14439c&algo_exp_id=5edc6ef6-8dd0-471a-b58c-11b12b14439c-0&pdp_ext_f=%7B%22order%22%3A%22184%22%2C%22eval%22%3A%221%22%2C%22fromPage%22%3A%22search%22%7D&pdp_npi=6%40dis%21USD%214.73%213.12%21%21%2131.61%2120.86%21%402101e75417906273654458437e0f7f%2112000057505828552%21sea%21US%212891746612%21X%211%210%21n_tag%3A-29919%3Bd%3A6dcb8e0a%3Bm03_new_user%3A-29895&curPageLogUid=XCd8gqRaE6Fo&utparam-url=scene%3Asearch%7Cquery_from%3A%7Cx_object_id%3A1005012094518931%7C_p_origin_prod%3A
Hardware / Off-the-Shelf,Power Supply,,180W Dell Power Supply AC Adapter,1,,Dell 180W,,19.5V 180W power brick for main system power,https://a.co/d/06vQQfGW
Hardware / Off-the-Shelf,Adapter,,Dell 7.4x5.0mm to XT60 Adapter (XT-017),1,,XT-017,,Converts Dell power brick 7.4x5.0mm barrel jack to XT60 plug,https://a.co/d/06vQQfGW
Hardware / Off-the-Shelf,Buck Converter Module,,10A Step-Down Buck Converter Module,2,,10A Buck,,4-32V to 1.2-32V adjustable CV/CC step-down regulator for servo/system power,https://www.aliexpress.us/item/3256806146157850.html?spm=a2g0o.productlist.main.7.39251854tdn8R4&algo_pvid=99a51226-e349-4bcd-9ac8-cdfddf15871a&algo_exp_id=99a51226-e349-4bcd-9ac8-cdfddf15871a-6&pdp_ext_f=%7B%22order%22%3A%2279%22%2C%22eval%22%3A%221%22%2C%22fromPage%22%3A%22search%22%7D&pdp_npi=6%40dis%21USD%214.54%214.54%21%21%214.54%214.54%21%402101ca9517906273779526770e12b4%2112000036791314056%21sea%21US%212891746612%21X%211%210%21n_tag%3A-29919%3Bd%3A6dcb8e0a%3Bm03_new_user%3A-29895&curPageLogUid=Pok4rQpN3UOF&utparam-url=scene%3Asearch%7Cquery_from%3A%7Cx_object_id%3A1005006332472602%7C_p_origin_prod%3A
Hardware / Off-the-Shelf,Buck Converter Module,,MP1584EN 3A Buck Converter Module,2,,MP1584EN,,Ultra-compact 3A adjustable DC-DC step-down power module (Mini360 style),https://www.aliexpress.us/item/3256805684077964.html?spm=a2g0o.productlist.main.3.d7464cb3NAxnsx&algo_pvid=07f49b81-1bae-49f5-994e-3b5f6c2dd288&algo_exp_id=07f49b81-1bae-49f5-994e-3b5f6c2dd288-2&pdp_ext_f=%7B%22order%22%3A%222710%22%2C%22eval%22%3A%221%22%2C%22fromPage%22%3A%22search%22%7D&pdp_npi=6%40dis%21USD%212.33%212.33%21%21%212.33%212.33%21%402101ca9517906273914747154e12b4%2112000034645748479%21sea%21US%212891746612%21X%211%210%21n_tag%3A-29919%3Bd%3A6dcb8e0a%3Bm03_new_user%3A-29895&curPageLogUid=iltiNSEJm1Hn&utparam-url=scene%3Asearch%7Cquery_from%3A%7Cx_object_id%3A1005005870392716%7C_p_origin_prod%3A
Hardware / Off-the-Shelf,Switch,,Red Mushroom Emergency Stop Switch,1,,E-STOP DPST,,"1NO 1NC DPST latching push-button E-STOP switch (660V 10A, plugs into J17)",https://www.aliexpress.us/item/3256803936809498.html?spm=a2g0o.productlist.main.5.2ccc4cd1hgyLus&algo_pvid=0b5cd7e2-f8f4-44fe-b74f-acdf3ea81a96&algo_exp_id=0b5cd7e2-f8f4-44fe-b74f-acdf3ea81a96-4&pdp_ext_f=%7B%22order%22%3A%22161%22%2C%22eval%22%3A%221%22%2C%22fromPage%22%3A%22search%22%7D&pdp_npi=6%40dis%21USD%212.52%212.52%21%21%212.52%212.52%21%402101e81117906274017701232e13a8%2112000028111320834%21sea%21US%212891746612%21X%211%210%21n_tag%3A-29919%3Bd%3A6dcb8e0a%3Bm03_new_user%3A-29895&curPageLogUid=y1Tc0yCfzeM6&utparam-url=scene%3Asearch%7Cquery_from%3A%7Cx_object_id%3A1005004123124250%7C_p_origin_prod%3A
Hardware / Off-the-Shelf,Camera,,Aptina AR0144 720P 60fps Global Shutter Camera,1,,AR0144,,High-speed 170° fisheye USB camera module for tracking and vision,https://a.co/d/0btbj34H
Hardware / Off-the-Shelf,Camera,,OV9726 1MP USB Camera Module,4,,OV9726,,720P CMOS 50° FOV USB cameras (used in camera_server.py),https://www.aliexpress.us/item/3256811684370860.html?spm=a2g0o.productlist.main.7.7719627fubNMBE&algo_pvid=e301efd0-9dea-464b-88ee-7faba9f6334a&algo_exp_id=e301efd0-9dea-464b-88ee-7faba9f6334a-6&pdp_ext_f=%7B%22order%22%3A%225%22%2C%22eval%22%3A%221%22%2C%22fromPage%22%3A%22search%22%7D&pdp_npi=6%40dis%21USD%216.50%216.50%21%21%2143.42%2143.42%21%4021030f4a17906277165607725e104e%2112000056833969362%21sea%21US%212891746612%21X%211%210%21n_tag%3A-29919%3Bd%3A6dcb8e0a%3Bm03_new_user%3A-29895&curPageLogUid=djuQLrmZSSE2&utparam-url=scene%3Asearch%7Cquery_from%3A%7Cx_object_id%3A1005011870685612%7C_p_origin_prod%3A
Hardware / Off-the-Shelf,Fan,,3010 Cooling Fan (12V),1,,3010 12V,,30x30x10mm 2-pin 12V DC cooling fan (connects to FAN PWR J24/J23),https://www.aliexpress.us/item/3256803185681643.html?spm=a2g0o.productlist.main.1.267368940Db7Nv&algo_pvid=f4bcd9d5-27c3-4918-8243-0b9482f00a25&algo_exp_id=f4bcd9d5-27c3-4918-8243-0b9482f00a25-0&pdp_ext_f=%7B%22order%22%3A%226020%22%2C%22eval%22%3A%221%22%2C%22fromPage%22%3A%22search%22%7D&pdp_npi=6%40dis%21USD%211.92%211.92%21%21%211.92%211.92%21%402101e7a317906274159744877e10c3%2112000025471466562%21sea%21US%212891746612%21X%211%210%21n_tag%3A-29919%3Bd%3A6dcb8e0a%3Bm03_new_user%3A-29895&curPageLogUid=3dQF4QAgCQwg&utparam-url=scene%3Asearch%7Cquery_from%3A%7Cx_object_id%3A1005003371996395%7C_p_origin_prod%3A
Hardware / Off-the-Shelf,RGB LED Module,,WS2812B RGB LED Ring (12-Bit),2,,WS2812B 12-bit,,5050 RGB LED ring with integrated WS2812 drivers (12 LEDs each),https://www.aliexpress.us/item/3256810145968057.html?spm=a2g0o.productlist.main.13.e5ee744eFOXnz8&algo_pvid=601e4538-e28c-49c5-8f42-41764a4d8ed3&algo_exp_id=601e4538-e28c-49c5-8f42-41764a4d8ed3-12&pdp_ext_f=%7B%22order%22%3A%22939%22%2C%22eval%22%3A%221%22%2C%22fromPage%22%3A%22search%22%7D&pdp_npi=6%40dis%21USD%216.78%213.39%21%21%2145.32%2122.66%21%402103292b17906266621864832e0e87%2112000052000934933%21sea%21US%212891746612%21X%211%210%21n_tag%3A-29919%3Bd%3A6dcb8e0a%3Bm03_new_user%3A-29895&curPageLogUid=ufy2hpDs8GEy&utparam-url=scene%3Asearch%7Cquery_from%3A%7Cx_object_id%3A1005010332282809%7C_p_origin_prod%3A1005008409813637
Hardware / Off-the-Shelf,Wiring,,18AWG Tinned Copper Wire (5m),5m,,18AWG 5M,,Flexible PVC tinned copper high-current power delivery cable,https://www.aliexpress.us/item/3256808377087848.html?spm=a2g0o.productlist.main.3.2070786bAfCTYt&algo_pvid=c5af02ae-52ef-444d-9331-f1f0103e24ef&algo_exp_id=c5af02ae-52ef-444d-9331-f1f0103e24ef-2&pdp_ext_f=%7B%22order%22%3A%226898%22%2C%22eval%22%3A%221%22%2C%22fromPage%22%3A%22search%22%7D&pdp_npi=6%40dis%21USD%216.13%216.13%21%21%2140.93%2140.93%21%402101e56817906274308314032e0de8%2112000045750764556%21sea%21US%212891746612%21X%211%210%21n_tag%3A-29919%3Bd%3A6dcb8e0a%3Bm03_new_user%3A-29895&curPageLogUid=i6Ag6PrV8XDH&utparam-url=scene%3Asearch%7Cquery_from%3A%7Cx_object_id%3A1005008563402600%7C_p_origin_prod%3A
Hardware / Off-the-Shelf,Wiring / Cable,,XT60 Male to Female Extension Cable,1,,14AWG XT60 10CM,,14AWG silicone wire extension cable (10cm),https://www.aliexpress.us/item/3256804382363281.html?spm=a2g0o.productlist.main.1.10054b38ah9sDo&algo_pvid=57ba09fe-0dd0-404d-adb0-4d17cfa39c7b&algo_exp_id=57ba09fe-0dd0-404d-adb0-4d17cfa39c7b-0&pdp_ext_f=%7B%22order%22%3A%221328%22%2C%22eval%22%3A%221%22%2C%22fromPage%22%3A%22search%22%7D&pdp_npi=6%40dis%21USD%212.94%212.94%21%21%212.94%212.94%21%402101d9ef17906274467805298e0c6a%2112000029660739892%21sea%21US%212891746612%21X%211%210%21n_tag%3A-29919%3Bd%3A6dcb8e0a%3Bm03_new_user%3A-29895&curPageLogUid=k0UkhpWwbytt&utparam-url=scene%3Asearch%7Cquery_from%3A%7Cx_object_id%3A1005004568678033%7C_p_origin_prod%3A
Hardware / Off-the-Shelf,Wiring / Connector,,JST 1.25mm 4-Pin Pre-Crimped Cables,10 pairs,,JST 1.25mm 4P,,Micro 4-pin male/female plugs with 100mm 26AWG wire for RS485 daisy chain,https://www.aliexpress.com/item/1005008975643158.html
Hardware / Off-the-Shelf,Wiring,,Assorted Hookup Wires,1 set,,Assorted Wires,,General length jumper and hookup wires,https://www.aliexpress.us/item/3256806018854642.html?spm=a2g0o.productlist.main.1.5f9e6b64YJPsUz&algo_pvid=fb0113ff-6d48-43b2-ad38-305acb5ed889&algo_exp_id=fb0113ff-6d48-43b2-ad38-305acb5ed889-0&pdp_ext_f=%7B%22order%22%3A%226847%22%2C%22eval%22%3A%221%22%2C%22fromPage%22%3A%22search%22%7D&pdp_npi=6%40dis%21USD%216.01%212.01%21%21%2140.13%2113.41%21%402101e7a317906274919417200e10c3%2112000036267230289%21sea%21US%212891746612%21X%211%210%21n_tag%3A-29919%3Bd%3A6dcb8e0a%3Bm03_new_user%3A-29895&curPageLogUid=yB6jAwaXQrjk&utparam-url=scene%3Asearch%7Cquery_from%3A%7Cx_object_id%3A1005006205169394%7C_p_origin_prod%3A
Hardware / Off-the-Shelf,Connector,,XT60E-M Screw-Mount Male Plug,1,,XT60E-M,,Gold-plated panel/chassis mount XT60 connector (matches mainboard J21),https://www.aliexpress.com/item/1005002618970620.html
Hardware / Off-the-Shelf,Connector,,2.54mm Pin Headers Kit,30 pcs,,2.54mm Headers,,Straight & right-angle male and female 2.54mm headers for PCBs,https://www.aliexpress.com/item/2255801012106911.html
Hardware / Off-the-Shelf,Connector Kit,,JST 1.25mm Horizontal Connector Kit,1 box,,JST 1.25mm Box,,"Horizontal sockets, plugs, and crimp pins for servo data bus",https://www.aliexpress.com/item/1005008975643158.html
Hardware / Off-the-Shelf,Connector Kit,,VH 3.96mm Connector Kit,1 box,,VH 3.96mm Box,,VH 3.96mm housings and terminals for high-current power connectors (B2PS-VH),https://www.aliexpress.com/w/wholesale-jst-vh-connectors.html
Hardware / Off-the-Shelf,Connector Kit,,PH 2.0mm Connector Kit,2 boxes,,PH 2.0mm Box,,PH 2.0mm housings and crimp terminals for LiPo / sensor wiring,https://www.aliexpress.us/item/3256802256803831.html?spm=a2g0o.productlist.main.9.184f29d9o3tf9c&algo_pvid=5615c1c7-d296-4281-bec1-2fcf935d9d6a&algo_exp_id=5615c1c7-d296-4281-bec1-2fcf935d9d6a-8&pdp_ext_f=%7B%22order%22%3A%22223%22%2C%22eval%22%3A%221%22%2C%22fromPage%22%3A%22search%22%7D&pdp_npi=6%40dis%21USD%213.83%213.83%21%21%213.83%213.83%21%4021032c8d17906275050278381e115c%2112000020676459358%21sea%21US%212891746612%21X%211%210%21n_tag%3A-29919%3Bd%3A6dcb8e0a%3Bm03_new_user%3A-29895&curPageLogUid=IkEmpuOUfaD0&utparam-url=scene%3Asearch%7Cquery_from%3A%7Cx_object_id%3A1005002443118583%7C_p_origin_prod%3A
Hardware / Off-the-Shelf,Tool,,Terminal Crimping Pliers (SN-2549),1,,SN-2549,,"Crimping tool for JST 1.25mm, PH 2.0mm, VH 3.96mm, SM 2.54mm terminals",https://www.aliexpress.us/item/3256812299400842.html?spm=a2g0o.productlist.main.1.7d373e04rtQ33T&algo_pvid=d612d301-a379-42bb-a396-3d8a6af47e55&algo_exp_id=d612d301-a379-42bb-a396-3d8a6af47e55-0&pdp_ext_f=%7B%22order%22%3A%2259%22%2C%22eval%22%3A%221%22%2C%22fromPage%22%3A%22search%22%7D&pdp_npi=6%40dis%21USD%2116.62%2116.43%21%21%21111.00%21109.76%21%4021032c8d17906275167198719e115c%2112000058532968924%21sea%21US%212891746612%21X%211%210%21n_tag%3A-29919%3Bd%3A6dcb8e0a%3Bm03_new_user%3A-29895&curPageLogUid=I0QbvDpsW3Yt&utparam-url=scene%3Asearch%7Cquery_from%3A%7Cx_object_id%3A1005012485715594%7C_p_origin_prod%3A
Hardware / Off-the-Shelf,MCU Module,,Raspberry Pi Pico,1,,RPi Pico,,RP2040 microcontroller board for revo mainboard (A1),https://www.aliexpress.us/item/3256806652932348.html?spm=a2g0o.productlist.main.16.3cfa6119dqAhJb&aem_p4p_detail=202609281319594736353342166640003059379&algo_pvid=f4168cf3-6a9c-4ab8-9218-47a695fb6171&algo_exp_id=f4168cf3-6a9c-4ab8-9218-47a695fb6171-15&pdp_ext_f=%7B%22order%22%3A%222298%22%2C%22eval%22%3A%221%22%2C%22fromPage%22%3A%22search%22%7D&pdp_npi=6%40dis%21USD%213.91%213.91%21%21%2126.14%2126.14%21%402101e80b17906267995417587e105b%2112000056467786851%21sea%21US%212891746612%21X%211%210%21n_tag%3A-29919%3Bd%3A6dcb8e0a%3Bm03_new_user%3A-29895&curPageLogUid=nW4rz0SKs4VX&utparam-url=scene%3Asearch%7Cquery_from%3A%7Cx_object_id%3A1005006839247100%7C_p_origin_prod%3A&search_p4p_id=202609281319594736353342166640003059379_4
Hardware / Off-the-Shelf,Current Monitor IC,,INA219AIDR Current Sensor IC,6,,INA219AIDR,,SOIC-8 I2C bidirectional current/power monitor ICs (spares/on-board),https://www.digikey.com/en/products/detail/texas-instruments/INA219AIDR/1984881
Hardware / Off-the-Shelf,Voltage Regulator,,HT7333 / HT7350 LDO Regulators,10-pack,,HT7333 / HT7350,,SOT-89 250mA low-dropout regulators (both 3.3V and 5.0V),https://www.digikey.com/en/products/detail/umw/HT7333-A/17635230
Hardware / Off-the-Shelf,Thermistor,,NTC Thermistor 10k (MF52AT),4 (plus 20pc pack),,MF52AT 10k,,"B=3950, 10kΩ @ 25°C thermal sensors for servo motor monitoring",https://www.aliexpress.us/item/3256809562968494.html?spm=a2g0o.productlist.main.5.2e38599azEs14m&algo_pvid=1c4aa467-a30d-4d53-943a-948f12e89b02&algo_exp_id=1c4aa467-a30d-4d53-943a-948f12e89b02-4&pdp_ext_f=%7B%22order%22%3A%2269%22%2C%22eval%22%3A%221%22%2C%22fromPage%22%3A%22search%22%7D&pdp_npi=6%40dis%21USD%211.62%211.62%21%21%211.62%211.62%21%402101e7a317906278197806370e1060%2112000050038444323%21sea%21US%212891746612%21X%211%210%21n_tag%3A-29919%3Bd%3A6dcb8e0a%3Bm03_new_user%3A-29895&curPageLogUid=l5toXx4evsox&utparam-url=scene%3Asearch%7Cquery_from%3A%7Cx_object_id%3A1005009749283246%7C_p_origin_prod%3A
revo-main,Capacitor,C2,470uF,1,Capacitor_THT:CP_Radial_D10.0mm_P5.00mm,35ZLH470MEFCT810X16,,,https://www.digikey.com/en/products/detail/rubycon/35ZLH470MEFC8X16/3563384
revo-main,Capacitor,"C3, C4, C6",470uF,3,Capacitor_THT:CP_Radial_D10.0mm_P5.00mm,25ZLH470MEFC10X12.5,,,https://www.digikey.com/en/products/detail/rubycon/25ZLH470MEFC10X12-5/3563614
revo-main,Capacitor,"C7, C8, C9",0.1uF,3,Capacitor_SMD:C_0805_2012Metric_Pad1.18x1.45mm_HandSolder,,,,https://www.aliexpress.us/item/3256802575315688.html?spm=a2g0o.productlist.main.22.75805e9d6jYdzg&algo_pvid=be0447ad-8f36-47a3-8968-1eb8eb3892c3&algo_exp_id=be0447ad-8f36-47a3-8968-1eb8eb3892c3-21&pdp_ext_f=%7B%22order%22%3A%22317%22%2C%22eval%22%3A%221%22%2C%22fromPage%22%3A%22search%22%7D&pdp_npi=6%40dis%21USD%214.25%214.25%21%21%2128.40%2128.40%21%402101e81117906269469632563e1177%2112000035928871084%21sea%21US%212891746612%21X%211%210%21n_tag%3A-29919%3Bd%3A6dcb8e0a%3Bm03_new_user%3A-29895&curPageLogUid=CBNETpdoBddE&utparam-url=scene%3Asearch%7Cquery_from%3A%7Cx_object_id%3A1005002761630440%7C_p_origin_prod%3A
revo-main,Capacitor,C11,1000uF,1,Capacitor_THT:CP_Radial_D10.0mm_P5.00mm,16ZLH1000MEFC10X16,,,https://www.aliexpress.us/item/3256802338659126.html?spm=a2g0o.productlist.main.1.59c373eaIUCClk&algo_pvid=a5459fe3-39e7-471f-b37a-4e72c77b99c7&algo_exp_id=a5459fe3-39e7-471f-b37a-4e72c77b99c7-0&pdp_ext_f=%7B%22order%22%3A%2215228%22%2C%22eval%22%3A%221%22%2C%22fromPage%22%3A%22search%22%7D&pdp_npi=6%40dis%21USD%211.66%211.66%21%21%2111.12%2111.12%21%4021030dcd17906276693816674e0db8%2112000020995893445%21sea%21US%212891746612%21X%211%210%21n_tag%3A-29919%3Bd%3A6dcb8e0a%3Bm03_new_user%3A-29895&curPageLogUid=q154XPEtS7pI&utparam-url=scene%3Asearch%7Cquery_from%3A%7Cx_object_id%3A1005002524973878%7C_p_origin_prod%3A
revo-main,Capacitor,"C12, C13",10uF,2,Capacitor_SMD:C_0805_2012Metric_Pad1.18x1.45mm_HandSolder,,,,https://www.aliexpress.us/item/3256802575315688.html?spm=a2g0o.productlist.main.22.75805e9d6jYdzg&algo_pvid=be0447ad-8f36-47a3-8968-1eb8eb3892c3&algo_exp_id=be0447ad-8f36-47a3-8968-1eb8eb3892c3-21&pdp_ext_f=%7B%22order%22%3A%22317%22%2C%22eval%22%3A%221%22%2C%22fromPage%22%3A%22search%22%7D&pdp_npi=6%40dis%21USD%214.25%214.25%21%21%2128.40%2128.40%21%402101e81117906269469632563e1177%2112000035928871084%21sea%21US%212891746612%21X%211%210%21n_tag%3A-29919%3Bd%3A6dcb8e0a%3Bm03_new_user%3A-29895&curPageLogUid=CBNETpdoBddE&utparam-url=scene%3Asearch%7Cquery_from%3A%7Cx_object_id%3A1005002761630440%7C_p_origin_prod%3A
revo-main,Diode,D1,SS34,1,Diode_SMD:D_SMA,,,https://www.vishay.com/docs/88751/ss32.pdf,https://www.digikey.com/en/products/detail/taiwan-semiconductor-corporation/SS34/7359556
revo-main,Diode,D2,SS54,1,SS54:DO-214AC,SS54,,,https://www.digikey.com/en/products/detail/smc-diode-solutions/SS54/5399-SS54CT-ND
revo-main,LED,"D5, D6",LED,2,Diode_SMD:D_0805_2012Metric_Pad1.15x1.40mm_HandSolder,,,,https://www.aliexpress.us/item/2255801135343815.html?spm=a2g0o.productlist.main.11.52cb1ce7xnU4Go&algo_pvid=6c646385-12e5-4009-be76-18548d10e406&algo_exp_id=6c646385-12e5-4009-be76-18548d10e406-10&pdp_ext_f=%7B%22order%22%3A%22154%22%2C%22eval%22%3A%221%22%2C%22fromPage%22%3A%22search%22%7D&pdp_npi=6%40dis%21USD%212.97%212.97%21%21%212.97%212.97%21%402101c28d17906274642294126e0ea0%2112000026900919486%21sea%21US%212891746612%21X%211%210%21n_tag%3A-29919%3Bd%3A6dcb8e0a%3Bm03_new_user%3A-29895&curPageLogUid=txx0QJYTnEhR&utparam-url=scene%3Asearch%7Cquery_from%3A%7Cx_object_id%3A4001321658567%7C_p_origin_prod%3A
revo-main,Fuse,F1,25A,1,ray:Fuse_1808,,,,https://www.aliexpress.us/item/3256802180020001.html?spm=a2g0o.productlist.main.1.584214cfS6yTeu&algo_pvid=5d4488e0-d2c4-4c27-939a-0e1f14783d77&algo_exp_id=5d4488e0-d2c4-4c27-939a-0e1f14783d77-0&pdp_ext_f=%7B%22order%22%3A%225463%22%2C%22eval%22%3A%221%22%2C%22fromPage%22%3A%22search%22%7D&pdp_npi=6%40dis%21USD%212.35%212.35%21%21%212.35%212.35%21%402103129017906275884973335e0efc%2112000020345183515%21sea%21US%212891746612%21X%211%210%21n_tag%3A-29919%3Bd%3A6dcb8e0a%3Bm03_new_user%3A-29895&curPageLogUid=a1CmnV32qTQT&utparam-url=scene%3Asearch%7Cquery_from%3A%7Cx_object_id%3A1005002366334753%7C_p_origin_prod%3A
revo-main,Fuse,F2,10A,1,ray:Fuse_1808,,,,https://www.aliexpress.us/item/3256802180020001.html?spm=a2g0o.productlist.main.1.584214cfS6yTeu&algo_pvid=5d4488e0-d2c4-4c27-939a-0e1f14783d77&algo_exp_id=5d4488e0-d2c4-4c27-939a-0e1f14783d77-0&pdp_ext_f=%7B%22order%22%3A%225463%22%2C%22eval%22%3A%221%22%2C%22fromPage%22%3A%22search%22%7D&pdp_npi=6%40dis%21USD%212.35%212.35%21%21%212.35%212.35%21%402103129017906275884973335e0efc%2112000020345183515%21sea%21US%212891746612%21X%211%210%21n_tag%3A-29919%3Bd%3A6dcb8e0a%3Bm03_new_user%3A-29895&curPageLogUid=a1CmnV32qTQT&utparam-url=scene%3Asearch%7Cquery_from%3A%7Cx_object_id%3A1005002366334753%7C_p_origin_prod%3A
revo-main,Connector,"J4, J5, J6, J7, J20",JST_2mm_LiPo,5,Connector_JST:JST_PH_B2B-PH-K_1x02_P2.00mm_Vertical,,,,https://www.aliexpress.us/item/3256802256803831.html?spm=a2g0o.productlist.main.9.184f29d9o3tf9c&algo_pvid=5615c1c7-d296-4281-bec1-2fcf935d9d6a&algo_exp_id=5615c1c7-d296-4281-bec1-2fcf935d9d6a-8&pdp_ext_f=%7B%22order%22%3A%22223%22%2C%22eval%22%3A%221%22%2C%22fromPage%22%3A%22search%22%7D&pdp_npi=6%40dis%21USD%213.83%213.83%21%21%213.83%213.83%21%4021032c8d17906275050278381e115c%2112000020676459358%21sea%21US%212891746612%21X%211%210%21n_tag%3A-29919%3Bd%3A6dcb8e0a%3Bm03_new_user%3A-29895&curPageLogUid=IkEmpuOUfaD0&utparam-url=scene%3Asearch%7Cquery_from%3A%7Cx_object_id%3A1005002443118583%7C_p_origin_prod%3A
revo-main,Connector,"J8, J9, J10",DS5180,3,Connector_PinHeader_2.54mm:PinHeader_1x03_P2.54mm_Vertical,,,,https://www.aliexpress.com/item/2255801012106911.html
revo-main,Connector,J12,SERVO CONN,1,Connector_PinHeader_2.54mm:PinHeader_1x03_P2.54mm_Vertical,,,,https://www.aliexpress.com/item/2255801012106911.html
revo-main,Connector,J13,KF301-2P,1,KF7.62:KF7.62_2P,,,,https://www.aliexpress.us/item/3256803370640670.html?spm=a2g0o.productlist.main.1.709a35baOEnQzW&algo_pvid=4a53a3cc-7ae4-4c03-bdc5-eed91dbe33ba&algo_exp_id=4a53a3cc-7ae4-4c03-bdc5-eed91dbe33ba-0&pdp_ext_f=%7B%22order%22%3A%222042%22%2C%22eval%22%3A%221%22%2C%22fromPage%22%3A%22search%22%7D&pdp_npi=6%40dis%21USD%219.18%218.88%21%21%219.18%218.88%21%40210311c217906279003978900e0fe9%2112000026274837547%21sea%21US%212891746612%21X%211%210%21n_tag%3A-29919%3Bd%3A6dcb8e0a%3Bm03_new_user%3A-29895&curPageLogUid=ipeDDQgZnJIC&utparam-url=scene%3Asearch%7Cquery_from%3A%7Cx_object_id%3A1005003556955422%7C_p_origin_prod%3A
revo-main,Connector,"J14, J16, J19",KF301-2P,3,KF301-2P:HANDSON_KF301-2P,,,,https://www.aliexpress.us/item/3256803370640670.html?spm=a2g0o.productlist.main.1.709a35baOEnQzW&algo_pvid=4a53a3cc-7ae4-4c03-bdc5-eed91dbe33ba&algo_exp_id=4a53a3cc-7ae4-4c03-bdc5-eed91dbe33ba-0&pdp_ext_f=%7B%22order%22%3A%222042%22%2C%22eval%22%3A%221%22%2C%22fromPage%22%3A%22search%22%7D&pdp_npi=6%40dis%21USD%219.18%218.88%21%21%219.18%218.88%21%40210311c217906279003978900e0fe9%2112000026274837547%21sea%21US%212891746612%21X%211%210%21n_tag%3A-29919%3Bd%3A6dcb8e0a%3Bm03_new_user%3A-29895&curPageLogUid=ipeDDQgZnJIC&utparam-url=scene%3Asearch%7Cquery_from%3A%7Cx_object_id%3A1005003556955422%7C_p_origin_prod%3A
revo-main,Connector,J15,BUZZER,1,Connector_PinHeader_2.54mm:PinHeader_1x01_P2.54mm_Vertical,,,,https://www.aliexpress.com/item/2255801012106911.html
revo-main,Connector,J17,E-STOP,1,Connector_PinHeader_2.54mm:PinHeader_1x02_P2.54mm_Vertical,,,,https://www.aliexpress.com/item/2255801012106911.html
revo-main,Connector,J21,XT60-M,1,XT60-M:AMASS_XT60-M,,,,https://www.aliexpress.com/item/1005002618970620.html
revo-main,Connector,J24,FAN PWR,1,Connector_PinHeader_2.54mm:PinHeader_1x02_P2.54mm_Vertical,,,,https://www.aliexpress.com/item/2255801012106911.html
revo-main,Connector,J26,Conn,1,Connector_PinHeader_2.54mm:PinHeader_1x03_P2.54mm_Vertical,,,,https://www.aliexpress.com/item/2255801012106911.html
revo-main,Connector,J28,3V3,1,Connector_PinHeader_2.54mm:PinHeader_1x02_P2.54mm_Vertical,,,,https://www.aliexpress.com/item/2255801012106911.html
revo-main,Connector,J29,I2C,1,Connector_PinHeader_2.54mm:PinHeader_1x02_P2.54mm_Vertical,,,,https://www.aliexpress.com/item/2255801012106911.html
revo-main,Connector,"J34, J35",Conn,2,Connector_PinHeader_2.54mm:PinHeader_1x01_P2.54mm_Vertical,,,,https://www.aliexpress.com/item/2255801012106911.html
revo-main,Buzzer,LS1,CEM-1206S,1,CEM_1206S:CUI_CEM-1206S,,,,https://www.digikey.com/en/products/detail/same-sky-formerly-cui-devices/CEM-1206S/412414
revo-main,MOSFET,Q2,2N7002,1,Package_TO_SOT_SMD:SOT-23,,,https://www.onsemi.com/pub/Collateral/NDS7002A-D.PDF,https://www.digikey.com/en/products/detail/diodes-incorporated/2N7002-7-F/7173719
revo-main,MOSFET,Q3,AOD4185,1,Package_TO_SOT_SMD:TO-252-2,,,AOD4185,https://www.aliexpress.us/item/3256803025164273.html?spm=a2g0o.productlist.main.2.7838ddc6MHmqA2&algo_pvid=712701bb-5cd8-4e6b-b22c-df715c769813&algo_exp_id=712701bb-5cd8-4e6b-b22c-df715c769813-1&pdp_ext_f=%7B%22order%22%3A%2217%22%2C%22eval%22%3A%221%22%2C%22fromPage%22%3A%22search%22%7D&pdp_npi=6%40dis%21USD%211.40%211.40%21%21%211.40%211.40%21%402101e56817906275332245421e103a%2112000024681034776%21sea%21US%212891746612%21X%211%210%21n_tag%3A-29919%3Bd%3A6dcb8e0a%3Bm03_new_user%3A-29895&curPageLogUid=BKtiaZJk6AL9&utparam-url=scene%3Asearch%7Cquery_from%3A%7Cx_object_id%3A1005003211479025%7C_p_origin_prod%3A
revo-main,MOSFET,Q4,BSS138,1,Package_TO_SOT_SMD:SOT-23,,,https://www.onsemi.com/pub/Collateral/BSS138-D.PDF,https://www.aliexpress.us/item/3256805808597366.html?spm=a2g0o.productlist.main.17.5ca71d6996rh59&algo_pvid=861c32eb-928d-4647-92f5-60e1561c9c64&algo_exp_id=861c32eb-928d-4647-92f5-60e1561c9c64-16&pdp_ext_f=%7B%22order%22%3A%229%22%2C%22eval%22%3A%221%22%2C%22fromPage%22%3A%22search%22%7D&pdp_npi=6%40dis%21USD%212.06%212.06%21%21%2113.77%2113.77%21%4021032c8d17906275436183107e1285%2112000035222163956%21sea%21US%212891746612%21X%211%210%21n_tag%3A-29919%3Bd%3A6dcb8e0a%3Bm03_new_user%3A-29895&curPageLogUid=PoHquZ2q5z67&utparam-url=scene%3Asearch%7Cquery_from%3A%7Cx_object_id%3A1005005994912118%7C_p_origin_prod%3A
revo-main,Resistor,"R1, R2, R3",0.02R 2W,3,Resistor_SMD:R_2512_6332Metric_Pad1.40x3.35mm_HandSolder,CRA2512-FZ-R020ELF,,,https://www.digikey.com/en/products/detail/stackpole-electronics-inc/CSRN2512FK50L0/1646108
revo-main,Resistor,"R5, R6, R7, R23",10k,4,Resistor_SMD:R_0805_2012Metric_Pad1.20x1.40mm_HandSolder,,,,https://www.aliexpress.us/item/2255801135343815.html?spm=a2g0o.productlist.main.10.370f1ccem1fvIu&algo_pvid=a24b1b84-8ad8-43c4-b686-f8a9c4057675&algo_exp_id=a24b1b84-8ad8-43c4-b686-f8a9c4057675-9&pdp_ext_f=%7B%22order%22%3A%22154%22%2C%22eval%22%3A%221%22%2C%22fromPage%22%3A%22search%22%7D&pdp_npi=6%40dis%21USD%212.97%212.97%21%21%212.97%212.97%21%402103128917906270153527611e1062%2112000026900919486%21sea%21US%212891746612%21X%211%210%21n_tag%3A-29919%3Bd%3A6dcb8e0a%3Bm03_new_user%3A-29895&curPageLogUid=eUM3iRwKqA3W&utparam-url=scene%3Asearch%7Cquery_from%3A%7Cx_object_id%3A4001321658567%7C_p_origin_prod%3A
revo-main,Resistor,R20,330R,1,Resistor_SMD:R_0805_2012Metric_Pad1.20x1.40mm_HandSolder,,,,https://www.aliexpress.us/item/2255801135343815.html?spm=a2g0o.productlist.main.10.370f1ccem1fvIu&algo_pvid=a24b1b84-8ad8-43c4-b686-f8a9c4057675&algo_exp_id=a24b1b84-8ad8-43c4-b686-f8a9c4057675-9&pdp_ext_f=%7B%22order%22%3A%22154%22%2C%22eval%22%3A%221%22%2C%22fromPage%22%3A%22search%22%7D&pdp_npi=6%40dis%21USD%212.97%212.97%21%21%212.97%212.97%21%402103128917906270153527611e1062%2112000026900919486%21sea%21US%212891746612%21X%211%210%21n_tag%3A-29919%3Bd%3A6dcb8e0a%3Bm03_new_user%3A-29895&curPageLogUid=eUM3iRwKqA3W&utparam-url=scene%3Asearch%7Cquery_from%3A%7Cx_object_id%3A4001321658567%7C_p_origin_prod%3A
revo-main,Resistor,R21,2.2K,1,Resistor_THT:R_Axial_DIN0207_L6.3mm_D2.5mm_P10.16mm_Horizontal,13-MFR50SFTE52-2K2CT-ND,,,https://www.aliexpress.us/item/3256802519235752.html?spm=a2g0o.productlist.main.2.52317de5uExP3k&algo_pvid=30a9d610-c981-4b9e-afe4-670261c0b321&algo_exp_id=30a9d610-c981-4b9e-afe4-670261c0b321-1&pdp_ext_f=%7B%22order%22%3A%225350%22%2C%22eval%22%3A%221%22%2C%22fromPage%22%3A%22search%22%7D&pdp_npi=6%40dis%21USD%211.40%211.40%21%21%211.40%211.40%21%4021032c8d17906276142915809e1285%2112000021795176612%21sea%21US%212891746612%21X%211%210%21n_tag%3A-29919%3Bd%3A6dcb8e0a%3Bm03_new_user%3A-29895&curPageLogUid=Ctq8gfKgfbnM&utparam-url=scene%3Asearch%7Cquery_from%3A%7Cx_object_id%3A1005002705550504%7C_p_origin_prod%3A
revo-main,Resistor,R22,100R,1,Resistor_SMD:R_0805_2012Metric_Pad1.20x1.40mm_HandSolder,,,,https://www.aliexpress.us/item/2255801135343815.html?spm=a2g0o.productlist.main.10.370f1ccem1fvIu&algo_pvid=a24b1b84-8ad8-43c4-b686-f8a9c4057675&algo_exp_id=a24b1b84-8ad8-43c4-b686-f8a9c4057675-9&pdp_ext_f=%7B%22order%22%3A%22154%22%2C%22eval%22%3A%221%22%2C%22fromPage%22%3A%22search%22%7D&pdp_npi=6%40dis%21USD%212.97%212.97%21%21%212.97%212.97%21%402103128917906270153527611e1062%2112000026900919486%21sea%21US%212891746612%21X%211%210%21n_tag%3A-29919%3Bd%3A6dcb8e0a%3Bm03_new_user%3A-29895&curPageLogUid=eUM3iRwKqA3W&utparam-url=scene%3Asearch%7Cquery_from%3A%7Cx_object_id%3A4001321658567%7C_p_origin_prod%3A
revo-main,Switch,SW1,Home,1,Button_Switch_SMD:SW_Tactile_SPST_NO_Straight_CK_PTS636Sx25SMTRLFS,,,,https://www.digikey.com/en/products/detail/c-k/PTS647SM38SMTR2-LFS/14123985
revo-main,Voltage Regulator,U1,HT7350,1,HT7333:IC_HT7333,,,,https://www.aliexpress.us/item/2255799888552397.html?spm=a2g0o.productlist.main.2.646e1ae4oQBSKa&algo_pvid=ce78ffd8-5577-414d-ac02-77bab2e6d1d9&algo_exp_id=ce78ffd8-5577-414d-ac02-77bab2e6d1d9-1&pdp_ext_f=%7B%22order%22%3A%2293%22%2C%22eval%22%3A%221%22%2C%22fromPage%22%3A%22search%22%7D&pdp_npi=6%40dis%21USD%211.60%211.60%21%21%211.60%211.60%21%402101ea8f17906275629911995e0ce6%2110000000194274709%21sea%21US%212891746612%21X%211%210%21n_tag%3A-29919%3Bd%3A6dcb8e0a%3Bm03_new_user%3A-29895&curPageLogUid=x8muGAWhWYCy&utparam-url=scene%3Asearch%7Cquery_from%3A%7Cx_object_id%3A4000074867149%7C_p_origin_prod%3A
revo-main,Current Monitor IC,"U6, U9, U10",INA219AxD,3,Package_SO:SOIC-8_3.9x4.9mm_P1.27mm,,,http://www.ti.com/lit/ds/symlink/ina219.pdf,https://www.digikey.com/en/products/detail/texas-instruments/INA219AIDR/1984881
revo-main,Connector,X1,Power,1,B2PS-VH:B2PS-VH,,,,https://www.aliexpress.com/w/wholesale-jst-vh-2-pin.html
revo-main-bottom,MCU Module,A1,RaspberryPi_Pico,1,Module:RaspberryPi_Pico_Common_Unspecified,,,https://datasheets.raspberrypi.com/pico/pico-datasheet.pdf,https://www.aliexpress.us/item/3256806652932348.html?spm=a2g0o.productlist.main.16.3cfa6119dqAhJb&aem_p4p_detail=202609281319594736353342166640003059379&algo_pvid=f4168cf3-6a9c-4ab8-9218-47a695fb6171&algo_exp_id=f4168cf3-6a9c-4ab8-9218-47a695fb6171-15&pdp_ext_f=%7B%22order%22%3A%222298%22%2C%22eval%22%3A%221%22%2C%22fromPage%22%3A%22search%22%7D&pdp_npi=6%40dis%21USD%213.91%213.91%21%21%2126.14%2126.14%21%402101e80b17906267995417587e105b%2112000056467786851%21sea%21US%212891746612%21X%211%210%21n_tag%3A-29919%3Bd%3A6dcb8e0a%3Bm03_new_user%3A-29895&curPageLogUid=nW4rz0SKs4VX&utparam-url=scene%3Asearch%7Cquery_from%3A%7Cx_object_id%3A1005006839247100%7C_p_origin_prod%3A&search_p4p_id=202609281319594736353342166640003059379_4
revo-main-bottom,Capacitor,C5,0.1uF,1,Capacitor_SMD:C_0805_2012Metric_Pad1.18x1.45mm_HandSolder,,,,https://www.aliexpress.us/item/3256802575315688.html?spm=a2g0o.productlist.main.22.75805e9d6jYdzg&algo_pvid=be0447ad-8f36-47a3-8968-1eb8eb3892c3&algo_exp_id=be0447ad-8f36-47a3-8968-1eb8eb3892c3-21&pdp_ext_f=%7B%22order%22%3A%22317%22%2C%22eval%22%3A%221%22%2C%22fromPage%22%3A%22search%22%7D&pdp_npi=6%40dis%21USD%214.25%214.25%21%21%2128.40%2128.40%21%402101e81117906269469632563e1177%2112000035928871084%21sea%21US%212891746612%21X%211%210%21n_tag%3A-29919%3Bd%3A6dcb8e0a%3Bm03_new_user%3A-29895&curPageLogUid=CBNETpdoBddE&utparam-url=scene%3Asearch%7Cquery_from%3A%7Cx_object_id%3A1005002761630440%7C_p_origin_prod%3A
revo-main-bottom,Capacitor,C10,100uF,1,Capacitor_THT:CP_Radial_D6.3mm_P2.50mm,732-8707-1-ND,,,https://www.digikey.com/en/products/detail/w%C3%BCrth-elektronik/860020372006/5727131
revo-main-bottom,Connector,"J1, J3",Main Connector,2,PCM_SparkFun-Connector:JST_1x04_P2.0mm_Vertical_PTH,,,https://www.sparkfun.com/datasheets/Prototyping/ePH.pdf,https://www.aliexpress.us/item/3256802256803831.html?spm=a2g0o.productlist.main.9.184f29d9o3tf9c&algo_pvid=5615c1c7-d296-4281-bec1-2fcf935d9d6a&algo_exp_id=5615c1c7-d296-4281-bec1-2fcf935d9d6a-8&pdp_ext_f=%7B%22order%22%3A%22223%22%2C%22eval%22%3A%221%22%2C%22fromPage%22%3A%22search%22%7D&pdp_npi=6%40dis%21USD%213.83%213.83%21%21%213.83%213.83%21%4021032c8d17906275050278381e115c%2112000020676459358%21sea%21US%212891746612%21X%211%210%21n_tag%3A-29919%3Bd%3A6dcb8e0a%3Bm03_new_user%3A-29895&curPageLogUid=IkEmpuOUfaD0&utparam-url=scene%3Asearch%7Cquery_from%3A%7Cx_object_id%3A1005002443118583%7C_p_origin_prod%3A
revo-main-bottom,Connector,J2,Data In,1,PCM_SparkFun-Connector:JST_1x04_P1.25mm_Locking_Horizontal_SMD,,,https://www.jst-mfg.com/product/pdf/eng/eGH.pdf,https://www.aliexpress.com/item/1005008975643158.html
revo-main-bottom,Connector,J11,RPi 5 SPI,1,Connector_PinHeader_2.54mm:PinHeader_1x05_P2.54mm_Vertical,,,,https://www.aliexpress.com/item/2255801012106911.html
revo-main-bottom,Connector,J18,BUZZER,1,Connector_PinHeader_2.54mm:PinHeader_1x01_P2.54mm_Vertical,,,,https://www.aliexpress.com/item/2255801012106911.html
revo-main-bottom,Connector,J22,SERVO CONN,1,Connector_PinHeader_2.54mm:PinHeader_1x03_P2.54mm_Vertical,,,,https://www.aliexpress.com/item/2255801012106911.html
revo-main-bottom,Connector,J23,FAN PWR,1,Connector_PinHeader_2.54mm:PinHeader_1x02_P2.54mm_Vertical,,,,https://www.aliexpress.com/item/2255801012106911.html
revo-main-bottom,Connector,J25,Conn,1,Connector_PinHeader_2.54mm:PinHeader_1x03_P2.54mm_Vertical,,,,https://www.aliexpress.com/item/2255801012106911.html
revo-main-bottom,Connector,J27,3V3,1,Connector_PinHeader_2.54mm:PinHeader_1x02_P2.54mm_Vertical,,,,https://www.aliexpress.com/item/2255801012106911.html
revo-main-bottom,Connector,J30,I2C,1,Connector_PinHeader_2.54mm:PinHeader_1x02_P2.54mm_Vertical,,,,https://www.aliexpress.com/item/2255801012106911.html
revo-main-bottom,Connector,"J32, J36",Conn,2,Connector_PinHeader_2.54mm:PinHeader_1x01_P2.54mm_Vertical,,,,https://www.aliexpress.com/item/2255801012106911.html
revo-main-bottom,Resistor,R4,120R,1,Resistor_SMD:R_0805_2012Metric_Pad1.20x1.40mm_HandSolder,,,,https://www.aliexpress.us/item/2255801135343815.html?spm=a2g0o.productlist.main.10.370f1ccem1fvIu&algo_pvid=a24b1b84-8ad8-43c4-b686-f8a9c4057675&algo_exp_id=a24b1b84-8ad8-43c4-b686-f8a9c4057675-9&pdp_ext_f=%7B%22order%22%3A%22154%22%2C%22eval%22%3A%221%22%2C%22fromPage%22%3A%22search%22%7D&pdp_npi=6%40dis%21USD%212.97%212.97%21%21%212.97%212.97%21%402103128917906270153527611e1062%2112000026900919486%21sea%21US%212891746612%21X%211%210%21n_tag%3A-29919%3Bd%3A6dcb8e0a%3Bm03_new_user%3A-29895&curPageLogUid=eUM3iRwKqA3W&utparam-url=scene%3Asearch%7Cquery_from%3A%7Cx_object_id%3A4001321658567%7C_p_origin_prod%3A
revo-main-bottom,Resistor,"R8, R9",4.7k,2,Resistor_SMD:R_0805_2012Metric_Pad1.20x1.40mm_HandSolder,,,,https://www.aliexpress.us/item/2255801135343815.html?spm=a2g0o.productlist.main.10.370f1ccem1fvIu&algo_pvid=a24b1b84-8ad8-43c4-b686-f8a9c4057675&algo_exp_id=a24b1b84-8ad8-43c4-b686-f8a9c4057675-9&pdp_ext_f=%7B%22order%22%3A%22154%22%2C%22eval%22%3A%221%22%2C%22fromPage%22%3A%22search%22%7D&pdp_npi=6%40dis%21USD%212.97%212.97%21%21%212.97%212.97%21%402103128917906270153527611e1062%2112000026900919486%21sea%21US%212891746612%21X%211%210%21n_tag%3A-29919%3Bd%3A6dcb8e0a%3Bm03_new_user%3A-29895&curPageLogUid=eUM3iRwKqA3W&utparam-url=scene%3Asearch%7Cquery_from%3A%7Cx_object_id%3A4001321658567%7C_p_origin_prod%3A
revo-main-bottom,Resistor,R10,10k,1,Resistor_SMD:R_0805_2012Metric_Pad1.20x1.40mm_HandSolder,,,,https://www.aliexpress.us/item/2255801135343815.html?spm=a2g0o.productlist.main.10.370f1ccem1fvIu&algo_pvid=a24b1b84-8ad8-43c4-b686-f8a9c4057675&algo_exp_id=a24b1b84-8ad8-43c4-b686-f8a9c4057675-9&pdp_ext_f=%7B%22order%22%3A%22154%22%2C%22eval%22%3A%221%22%2C%22fromPage%22%3A%22search%22%7D&pdp_npi=6%40dis%21USD%212.97%212.97%21%21%212.97%212.97%21%402103128917906270153527611e1062%2112000026900919486%21sea%21US%212891746612%21X%211%210%21n_tag%3A-29919%3Bd%3A6dcb8e0a%3Bm03_new_user%3A-29895&curPageLogUid=eUM3iRwKqA3W&utparam-url=scene%3Asearch%7Cquery_from%3A%7Cx_object_id%3A4001321658567%7C_p_origin_prod%3A
revo-main-bottom,Resistor,R11,1.5k,1,Resistor_SMD:R_0805_2012Metric_Pad1.20x1.40mm_HandSolder,,,,https://www.aliexpress.us/item/2255801135343815.html?spm=a2g0o.productlist.main.10.370f1ccem1fvIu&algo_pvid=a24b1b84-8ad8-43c4-b686-f8a9c4057675&algo_exp_id=a24b1b84-8ad8-43c4-b686-f8a9c4057675-9&pdp_ext_f=%7B%22order%22%3A%22154%22%2C%22eval%22%3A%221%22%2C%22fromPage%22%3A%22search%22%7D&pdp_npi=6%40dis%21USD%212.97%212.97%21%21%212.97%212.97%21%402103128917906270153527611e1062%2112000026900919486%21sea%21US%212891746612%21X%211%210%21n_tag%3A-29919%3Bd%3A6dcb8e0a%3Bm03_new_user%3A-29895&curPageLogUid=eUM3iRwKqA3W&utparam-url=scene%3Asearch%7Cquery_from%3A%7Cx_object_id%3A4001321658567%7C_p_origin_prod%3A
revo-main-bottom,Buck Converter Module,"U2, U3",Mini360,2,Mini360_step-down:Mini360_step-down,,,,https://www.aliexpress.us/item/3256806164850469.html?spm=a2g0o.productlist.main.1.60dd5da58Aqdtx&algo_pvid=4ebe067c-0c15-45e7-a3bc-185d1191fc7a&algo_exp_id=4ebe067c-0c15-45e7-a3bc-185d1191fc7a-0&pdp_ext_f=%7B%22order%22%3A%221122%22%2C%22eval%22%3A%221%22%2C%22fromPage%22%3A%22search%22%7D&pdp_npi=6%40dis%21USD%212.84%212.84%21%21%2118.97%2118.97%21%402103129017906275768172928e0efc%2112000046010284019%21sea%21US%212891746612%21X%211%210%21n_tag%3A-29919%3Bd%3A6dcb8e0a%3Bm03_new_user%3A-29895&curPageLogUid=BXscQP6t4bJH&utparam-url=scene%3Asearch%7Cquery_from%3A%7Cx_object_id%3A1005006351165221%7C_p_origin_prod%3A
revo-main-bottom,RS-485 Transceiver,U7,THVD1420D,1,Package_SO:SOIC-8_3.9x4.9mm_P1.27mm,,,https://www.ti.com/lit/ds/symlink/thvd1420.pdf,https://www.digikey.com/en/products/detail/texas-instruments/THVD1420DR/14123985
revo-servo,Capacitor,"C1, C3, C5, C7",0.1uF,4,Capacitor_SMD:C_0805_2012Metric_Pad1.18x1.45mm_HandSolder,,,,https://www.aliexpress.us/item/3256802575315688.html?spm=a2g0o.productlist.main.22.75805e9d6jYdzg&algo_pvid=be0447ad-8f36-47a3-8968-1eb8eb3892c3&algo_exp_id=be0447ad-8f36-47a3-8968-1eb8eb3892c3-21&pdp_ext_f=%7B%22order%22%3A%22317%22%2C%22eval%22%3A%221%22%2C%22fromPage%22%3A%22search%22%7D&pdp_npi=6%40dis%21USD%214.25%214.25%21%21%2128.40%2128.40%21%402101e81117906269469632563e1177%2112000035928871084%21sea%21US%212891746612%21X%211%210%21n_tag%3A-29919%3Bd%3A6dcb8e0a%3Bm03_new_user%3A-29895&curPageLogUid=CBNETpdoBddE&utparam-url=scene%3Asearch%7Cquery_from%3A%7Cx_object_id%3A1005002761630440%7C_p_origin_prod%3A
revo-servo,Capacitor,C4,100uF,1,Capacitor_SMD:CP_Elec_6.3x5.4,,,,https://www.aliexpress.us/item/3256808288064717.html?spm=a2g0o.productlist.main.1.3531d13a8W9eeA&algo_pvid=98b8a9bb-1b2d-463e-9bfc-5bd33fb772de&algo_exp_id=98b8a9bb-1b2d-463e-9bfc-5bd33fb772de-0&pdp_ext_f=%7B%22order%22%3A%2223%22%2C%22eval%22%3A%221%22%2C%22fromPage%22%3A%22search%22%7D&pdp_npi=6%40dis%21USD%212.29%212.29%21%21%2115.29%2115.29%21%40210328c017906276444766059e0cf3%2112000045304488968%21sea%21US%212891746612%21X%211%210%21n_tag%3A-29919%3Bd%3A6dcb8e0a%3Bm03_new_user%3A-29895&curPageLogUid=75KPO30mQ4v8&utparam-url=scene%3Asearch%7Cquery_from%3A%7Cx_object_id%3A1005008474379469%7C_p_origin_prod%3A
revo-servo,Capacitor,"C8, C9",10uF,2,Capacitor_SMD:C_0805_2012Metric_Pad1.18x1.45mm_HandSolder,,,,https://www.aliexpress.us/item/3256802575315688.html?spm=a2g0o.productlist.main.22.75805e9d6jYdzg&algo_pvid=be0447ad-8f36-47a3-8968-1eb8eb3892c3&algo_exp_id=be0447ad-8f36-47a3-8968-1eb8eb3892c3-21&pdp_ext_f=%7B%22order%22%3A%22317%22%2C%22eval%22%3A%221%22%2C%22fromPage%22%3A%22search%22%7D&pdp_npi=6%40dis%21USD%214.25%214.25%21%21%2128.40%2128.40%21%402101e81117906269469632563e1177%2112000035928871084%21sea%21US%212891746612%21X%211%210%21n_tag%3A-29919%3Bd%3A6dcb8e0a%3Bm03_new_user%3A-29895&curPageLogUid=CBNETpdoBddE&utparam-url=scene%3Asearch%7Cquery_from%3A%7Cx_object_id%3A1005002761630440%7C_p_origin_prod%3A
revo-servo,Diode,D1,SS34,1,Diode_SMD:D_SMA,,,https://www.vishay.com/docs/88751/ss32.pdf,https://www.digikey.com/en/products/detail/taiwan-semiconductor-corporation/SS34/7359556
revo-servo,LED,"D3, D4, D5",LED,3,Diode_SMD:D_0805_2012Metric_Pad1.15x1.40mm_HandSolder,,,,https://www.aliexpress.us/item/2255801135343815.html?spm=a2g0o.productlist.main.11.52cb1ce7xnU4Go&algo_pvid=6c646385-12e5-4009-be76-18548d10e406&algo_exp_id=6c646385-12e5-4009-be76-18548d10e406-10&pdp_ext_f=%7B%22order%22%3A%22154%22%2C%22eval%22%3A%221%22%2C%22fromPage%22%3A%22search%22%7D&pdp_npi=6%40dis%21USD%212.97%212.97%21%21%212.97%212.97%21%402101c28d17906274642294126e0ea0%2112000026900919486%21sea%21US%212891746612%21X%211%210%21n_tag%3A-29919%3Bd%3A6dcb8e0a%3Bm03_new_user%3A-29895&curPageLogUid=txx0QJYTnEhR&utparam-url=scene%3Asearch%7Cquery_from%3A%7Cx_object_id%3A4001321658567%7C_p_origin_prod%3A
revo-servo,Connector,J1,Programming,1,Connector_PinSocket_2.54mm:PinSocket_1x03_P2.54mm_Vertical,,,,https://www.aliexpress.com/item/2255801012106911.html
revo-servo,Connector,J2,Data In,1,PCM_SparkFun-Connector:JST_1x04_P1.25mm_Locking_Horizontal_SMD,,,https://www.jst-mfg.com/product/pdf/eng/eGH.pdf,https://www.aliexpress.com/item/1005008975643158.html
revo-servo,Connector,J3,Data Out,1,PCM_SparkFun-Connector:JST_1x04_P1.25mm_Locking_Horizontal_SMD,,,https://www.jst-mfg.com/product/pdf/eng/eGH.pdf,https://www.aliexpress.com/item/1005008975643158.html
revo-servo,Connector,J4,Motor,1,Connector_PinSocket_2.54mm:PinSocket_1x03_P2.54mm_Vertical,,,,https://www.aliexpress.com/item/2255801012106911.html
revo-servo,Connector,J6,Sensor Board Connector,1,Connector_PinHeader_2.54mm:PinHeader_1x06_P2.54mm_Horizontal,,,,https://www.aliexpress.com/item/2255801012106911.html
revo-servo,Jumper,"JP1, JP2, JP3",Jumper_2_Open,3,Jumper:SolderJumper-2_P1.3mm_Open_TrianglePad1.0x1.5mm,,,,
revo-servo,Resistor,R1,0.1R 2W,1,Resistor_SMD:R_2512_6332Metric_Pad1.40x3.35mm_HandSolder,,,,https://www.digikey.com/en/products/detail/stackpole-electronics-inc/CSRN2512FK50L0/1646108
revo-servo,Resistor,R4,120R,1,Resistor_SMD:R_0805_2012Metric_Pad1.20x1.40mm_HandSolder,,DNP,,https://www.aliexpress.us/item/2255801135343815.html?spm=a2g0o.productlist.main.10.370f1ccem1fvIu&algo_pvid=a24b1b84-8ad8-43c4-b686-f8a9c4057675&algo_exp_id=a24b1b84-8ad8-43c4-b686-f8a9c4057675-9&pdp_ext_f=%7B%22order%22%3A%22154%22%2C%22eval%22%3A%221%22%2C%22fromPage%22%3A%22search%22%7D&pdp_npi=6%40dis%21USD%212.97%212.97%21%21%212.97%212.97%21%402103128917906270153527611e1062%2112000026900919486%21sea%21US%212891746612%21X%211%210%21n_tag%3A-29919%3Bd%3A6dcb8e0a%3Bm03_new_user%3A-29895&curPageLogUid=eUM3iRwKqA3W&utparam-url=scene%3Asearch%7Cquery_from%3A%7Cx_object_id%3A4001321658567%7C_p_origin_prod%3A
revo-servo,Resistor,"R11, R12, R15",4.7k,3,Resistor_SMD:R_0805_2012Metric_Pad1.20x1.40mm_HandSolder,,,,https://www.aliexpress.us/item/2255801135343815.html?spm=a2g0o.productlist.main.10.370f1ccem1fvIu&algo_pvid=a24b1b84-8ad8-43c4-b686-f8a9c4057675&algo_exp_id=a24b1b84-8ad8-43c4-b686-f8a9c4057675-9&pdp_ext_f=%7B%22order%22%3A%22154%22%2C%22eval%22%3A%221%22%2C%22fromPage%22%3A%22search%22%7D&pdp_npi=6%40dis%21USD%212.97%212.97%21%21%212.97%212.97%21%402103128917906270153527611e1062%2112000026900919486%21sea%21US%212891746612%21X%211%210%21n_tag%3A-29919%3Bd%3A6dcb8e0a%3Bm03_new_user%3A-29895&curPageLogUid=eUM3iRwKqA3W&utparam-url=scene%3Asearch%7Cquery_from%3A%7Cx_object_id%3A4001321658567%7C_p_origin_prod%3A
revo-servo,Resistor,R13,330R,1,Resistor_SMD:R_0805_2012Metric_Pad1.20x1.40mm_HandSolder,,,,https://www.aliexpress.us/item/2255801135343815.html?spm=a2g0o.productlist.main.10.370f1ccem1fvIu&algo_pvid=a24b1b84-8ad8-43c4-b686-f8a9c4057675&algo_exp_id=a24b1b84-8ad8-43c4-b686-f8a9c4057675-9&pdp_ext_f=%7B%22order%22%3A%22154%22%2C%22eval%22%3A%221%22%2C%22fromPage%22%3A%22search%22%7D&pdp_npi=6%40dis%21USD%212.97%212.97%21%21%212.97%212.97%21%402103128917906270153527611e1062%2112000026900919486%21sea%21US%212891746612%21X%211%210%21n_tag%3A-29919%3Bd%3A6dcb8e0a%3Bm03_new_user%3A-29895&curPageLogUid=eUM3iRwKqA3W&utparam-url=scene%3Asearch%7Cquery_from%3A%7Cx_object_id%3A4001321658567%7C_p_origin_prod%3A
revo-servo,Resistor,"R14, R20",220R,2,Resistor_SMD:R_0805_2012Metric_Pad1.20x1.40mm_HandSolder,,,,https://www.aliexpress.us/item/2255801135343815.html?spm=a2g0o.productlist.main.10.370f1ccem1fvIu&algo_pvid=a24b1b84-8ad8-43c4-b686-f8a9c4057675&algo_exp_id=a24b1b84-8ad8-43c4-b686-f8a9c4057675-9&pdp_ext_f=%7B%22order%22%3A%22154%22%2C%22eval%22%3A%221%22%2C%22fromPage%22%3A%22search%22%7D&pdp_npi=6%40dis%21USD%212.97%212.97%21%21%212.97%212.97%21%402103128917906270153527611e1062%2112000026900919486%21sea%21US%212891746612%21X%211%210%21n_tag%3A-29919%3Bd%3A6dcb8e0a%3Bm03_new_user%3A-29895&curPageLogUid=eUM3iRwKqA3W&utparam-url=scene%3Asearch%7Cquery_from%3A%7Cx_object_id%3A4001321658567%7C_p_origin_prod%3A
revo-servo,Resistor,"R16, R19",10k,2,Resistor_SMD:R_0805_2012Metric_Pad1.20x1.40mm_HandSolder,,,,https://www.aliexpress.us/item/2255801135343815.html?spm=a2g0o.productlist.main.10.370f1ccem1fvIu&algo_pvid=a24b1b84-8ad8-43c4-b686-f8a9c4057675&algo_exp_id=a24b1b84-8ad8-43c4-b686-f8a9c4057675-9&pdp_ext_f=%7B%22order%22%3A%22154%22%2C%22eval%22%3A%221%22%2C%22fromPage%22%3A%22search%22%7D&pdp_npi=6%40dis%21USD%212.97%212.97%21%21%212.97%212.97%21%402103128917906270153527611e1062%2112000026900919486%21sea%21US%212891746612%21X%211%210%21n_tag%3A-29919%3Bd%3A6dcb8e0a%3Bm03_new_user%3A-29895&curPageLogUid=eUM3iRwKqA3W&utparam-url=scene%3Asearch%7Cquery_from%3A%7Cx_object_id%3A4001321658567%7C_p_origin_prod%3A
revo-servo,Thermistor,R17,NTC 10k,1,Resistor_THT:R_Axial_DIN0204_L3.6mm_D1.6mm_P5.08mm_Horizontal,,,,https://www.aliexpress.us/item/3256809562968494.html?spm=a2g0o.productlist.main.5.2e38599azEs14m&algo_pvid=1c4aa467-a30d-4d53-943a-948f12e89b02&algo_exp_id=1c4aa467-a30d-4d53-943a-948f12e89b02-4&pdp_ext_f=%7B%22order%22%3A%2269%22%2C%22eval%22%3A%221%22%2C%22fromPage%22%3A%22search%22%7D&pdp_npi=6%40dis%21USD%211.62%211.62%21%21%211.62%211.62%21%402101e7a317906278197806370e1060%2112000050038444323%21sea%21US%212891746612%21X%211%210%21n_tag%3A-29919%3Bd%3A6dcb8e0a%3Bm03_new_user%3A-29895&curPageLogUid=l5toXx4evsox&utparam-url=scene%3Asearch%7Cquery_from%3A%7Cx_object_id%3A1005009749283246%7C_p_origin_prod%3A
revo-servo,Resistor,R18,20k,1,Resistor_SMD:R_0805_2012Metric_Pad1.20x1.40mm_HandSolder,,,,https://www.aliexpress.us/item/2255801135343815.html?spm=a2g0o.productlist.main.10.370f1ccem1fvIu&algo_pvid=a24b1b84-8ad8-43c4-b686-f8a9c4057675&algo_exp_id=a24b1b84-8ad8-43c4-b686-f8a9c4057675-9&pdp_ext_f=%7B%22order%22%3A%22154%22%2C%22eval%22%3A%221%22%2C%22fromPage%22%3A%22search%22%7D&pdp_npi=6%40dis%21USD%212.97%212.97%21%21%212.97%212.97%21%402103128917906270153527611e1062%2112000026900919486%21sea%21US%212891746612%21X%211%210%21n_tag%3A-29919%3Bd%3A6dcb8e0a%3Bm03_new_user%3A-29895&curPageLogUid=eUM3iRwKqA3W&utparam-url=scene%3Asearch%7Cquery_from%3A%7Cx_object_id%3A4001321658567%7C_p_origin_prod%3A
revo-servo,Switch,SW1,Home,1,Button_Switch_SMD:SW_Tactile_SPST_NO_Straight_CK_PTS636Sx25SMTRLFS,,,,https://www.digikey.com/en/products/detail/c-k/PTS647SM38SMTR2-LFS/14123985
revo-servo,Switch,SW2,Step,1,Button_Switch_SMD:SW_Tactile_SPST_NO_Straight_CK_PTS636Sx25SMTRLFS,,,,https://www.digikey.com/en/products/detail/c-k/PTS647SM38SMTR2-LFS/14123985
revo-servo,Test Point,"TP1, TP2, TP3, TP4, TP5, TP6, TP7, TP8, TP9, TP10",1.0mm,10,PCM_SparkFun-Connector:TestPoint-1.0mm,,,,
revo-servo,MCU,U1,ATtiny3216-S,1,Package_SO:SOIC-20W_7.5x12.8mm_P1.27mm,,,http://ww1.microchip.com/downloads/en/DeviceDoc/ATtiny3216_ATtiny1616-data-sheet-40001997B.pdf,https://www.digikey.com/en/products/detail/microchip-technology/ATTINY3216-SN/9947565
revo-servo,RS-485 Transceiver,U2,THVD1420D,1,Package_SO:SOIC-8_3.9x4.9mm_P1.27mm,,,https://www.ti.com/lit/ds/symlink/thvd1420.pdf,https://www.digikey.com/en/products/detail/texas-instruments/THVD1420DR/14123985
revo-servo,Current Monitor IC,U3,INA219AxD,1,Package_SO:SOIC-8_3.9x4.9mm_P1.27mm,,,http://www.ti.com/lit/ds/symlink/ina219.pdf,https://www.digikey.com/en/products/detail/texas-instruments/INA219AIDR/1984881
revo-servo,Voltage Regulator,U6,HT7333,1,HT7333:IC_HT7333,,,,https://www.digikey.com/en/products/detail/umw/HT7333-A/17635230
revo-servo,Connector,X1,Power,1,B2PS-VH:B2PS-VH,,,,https://www.aliexpress.com/w/wholesale-jst-vh-2-pin.html
revo-servo,Connector,X2,Power Out,1,B2PS-VH:B2PS-VH,,,,https://www.aliexpress.com/w/wholesale-jst-vh-2-pin.html
revo-servo-hat,Capacitor,"C7, C8, C9",0.1uF,3,Capacitor_SMD:C_0805_2012Metric_Pad1.18x1.45mm_HandSolder,,,,https://www.aliexpress.us/item/3256802575315688.html?spm=a2g0o.productlist.main.22.75805e9d6jYdzg&algo_pvid=be0447ad-8f36-47a3-8968-1eb8eb3892c3&algo_exp_id=be0447ad-8f36-47a3-8968-1eb8eb3892c3-21&pdp_ext_f=%7B%22order%22%3A%22317%22%2C%22eval%22%3A%221%22%2C%22fromPage%22%3A%22search%22%7D&pdp_npi=6%40dis%21USD%214.25%214.25%21%21%2128.40%2128.40%21%402101e81117906269469632563e1177%2112000035928871084%21sea%21US%212891746612%21X%211%210%21n_tag%3A-29919%3Bd%3A6dcb8e0a%3Bm03_new_user%3A-29895&curPageLogUid=CBNETpdoBddE&utparam-url=scene%3Asearch%7Cquery_from%3A%7Cx_object_id%3A1005002761630440%7C_p_origin_prod%3A
revo-servo-hat,RGB LED,D1,WS2812B_5050,1,LED_SMD:LED_WS2812B_PLCC4_5.0x5.0mm_P3.2mm,,,https://cdn.sparkfun.com/datasheets/BreakoutBoards/WS2812B.pdf,https://www.aliexpress.com/item/1005006189421550.html
revo-servo-hat,LED,D4,LED,1,Diode_SMD:D_0805_2012Metric_Pad1.15x1.40mm_HandSolder,,,,https://www.aliexpress.us/item/2255801135343815.html?spm=a2g0o.productlist.main.11.52cb1ce7xnU4Go&algo_pvid=6c646385-12e5-4009-be76-18548d10e406&algo_exp_id=6c646385-12e5-4009-be76-18548d10e406-10&pdp_ext_f=%7B%22order%22%3A%22154%22%2C%22eval%22%3A%221%22%2C%22fromPage%22%3A%22search%22%7D&pdp_npi=6%40dis%21USD%212.97%212.97%21%21%212.97%212.97%21%402101c28d17906274642294126e0ea0%2112000026900919486%21sea%21US%212891746612%21X%211%210%21n_tag%3A-29919%3Bd%3A6dcb8e0a%3Bm03_new_user%3A-29895&curPageLogUid=txx0QJYTnEhR&utparam-url=scene%3Asearch%7Cquery_from%3A%7Cx_object_id%3A4001321658567%7C_p_origin_prod%3A
revo-servo-hat,Connector,J1,Sensor Board Connector,1,Connector_PinHeader_2.54mm:PinHeader_1x06_P2.54mm_Horizontal,,,,https://www.aliexpress.com/item/2255801012106911.html
revo-servo-hat,Resistor,R13,330R,1,Resistor_SMD:R_0805_2012Metric_Pad1.20x1.40mm_HandSolder,,,,https://www.aliexpress.us/item/2255801135343815.html?spm=a2g0o.productlist.main.10.370f1ccem1fvIu&algo_pvid=a24b1b84-8ad8-43c4-b686-f8a9c4057675&algo_exp_id=a24b1b84-8ad8-43c4-b686-f8a9c4057675-9&pdp_ext_f=%7B%22order%22%3A%22154%22%2C%22eval%22%3A%221%22%2C%22fromPage%22%3A%22search%22%7D&pdp_npi=6%40dis%21USD%212.97%212.97%21%21%212.97%212.97%21%402103128917906270153527611e1062%2112000026900919486%21sea%21US%212891746612%21X%211%210%21n_tag%3A-29919%3Bd%3A6dcb8e0a%3Bm03_new_user%3A-29895&curPageLogUid=eUM3iRwKqA3W&utparam-url=scene%3Asearch%7Cquery_from%3A%7Cx_object_id%3A4001321658567%7C_p_origin_prod%3A
revo-servo-hat,Resistor,R14,220R,1,Resistor_SMD:R_0805_2012Metric_Pad1.20x1.40mm_HandSolder,,,,https://www.aliexpress.us/item/2255801135343815.html?spm=a2g0o.productlist.main.10.370f1ccem1fvIu&algo_pvid=a24b1b84-8ad8-43c4-b686-f8a9c4057675&algo_exp_id=a24b1b84-8ad8-43c4-b686-f8a9c4057675-9&pdp_ext_f=%7B%22order%22%3A%22154%22%2C%22eval%22%3A%221%22%2C%22fromPage%22%3A%22search%22%7D&pdp_npi=6%40dis%21USD%212.97%212.97%21%21%212.97%212.97%21%402103128917906270153527611e1062%2112000026900919486%21sea%21US%212891746612%21X%211%210%21n_tag%3A-29919%3Bd%3A6dcb8e0a%3Bm03_new_user%3A-29895&curPageLogUid=eUM3iRwKqA3W&utparam-url=scene%3Asearch%7Cquery_from%3A%7Cx_object_id%3A4001321658567%7C_p_origin_prod%3A
revo-servo-hat,Magnetic Encoder,U1,AS5600,1,AS5600:SOIC8,,,,https://www.aliexpress.com/item/1005006120894562.html
revo-servo-hat,Hall Sensor,U2,DRV5032ZEDBZR,1,DRV5032FBDBZR:SOT95P237X112-3N,,,,https://www.digikey.com/en/products/detail/texas-instruments/DRV5032ZEDBZR/7732356
revo-joint-encoder,Capacitor,C7,0.1uF,1,Capacitor_SMD:C_0805_2012Metric_Pad1.18x1.45mm_HandSolder,,,,https://www.aliexpress.us/item/3256802575315688.html?spm=a2g0o.productlist.main.22.75805e9d6jYdzg&algo_pvid=be0447ad-8f36-47a3-8968-1eb8eb3892c3&algo_exp_id=be0447ad-8f36-47a3-8968-1eb8eb3892c3-21&pdp_ext_f=%7B%22order%22%3A%22317%22%2C%22eval%22%3A%221%22%2C%22fromPage%22%3A%22search%22%7D&pdp_npi=6%40dis%21USD%214.25%214.25%21%21%2128.40%2128.40%21%402101e81117906269469632563e1177%2112000035928871084%21sea%21US%212891746612%21X%211%210%21n_tag%3A-29919%3Bd%3A6dcb8e0a%3Bm03_new_user%3A-29895&curPageLogUid=CBNETpdoBddE&utparam-url=scene%3Asearch%7Cquery_from%3A%7Cx_object_id%3A1005002761630440%7C_p_origin_prod%3A
revo-joint-encoder,LED,D4,LED,1,Diode_SMD:D_0805_2012Metric_Pad1.15x1.40mm_HandSolder,,,,https://www.aliexpress.us/item/2255801135343815.html?spm=a2g0o.productlist.main.11.52cb1ce7xnU4Go&algo_pvid=6c646385-12e5-4009-be76-18548d10e406&algo_exp_id=6c646385-12e5-4009-be76-18548d10e406-10&pdp_ext_f=%7B%22order%22%3A%22154%22%2C%22eval%22%3A%221%22%2C%22fromPage%22%3A%22search%22%7D&pdp_npi=6%40dis%21USD%212.97%212.97%21%21%212.97%212.97%21%402101c28d17906274642294126e0ea0%2112000026900919486%21sea%21US%212891746612%21X%211%210%21n_tag%3A-29919%3Bd%3A6dcb8e0a%3Bm03_new_user%3A-29895&curPageLogUid=txx0QJYTnEhR&utparam-url=scene%3Asearch%7Cquery_from%3A%7Cx_object_id%3A4001321658567%7C_p_origin_prod%3A
revo-joint-encoder,Connector,J1,Main Connector,1,PCM_SparkFun-Connector:JST_1x04_P2.0mm_Horizontal_PTH,,,https://www.sparkfun.com/datasheets/Prototyping/ePH.pdf,https://www.aliexpress.us/item/3256802256803831.html?spm=a2g0o.productlist.main.9.184f29d9o3tf9c&algo_pvid=5615c1c7-d296-4281-bec1-2fcf935d9d6a&algo_exp_id=5615c1c7-d296-4281-bec1-2fcf935d9d6a-8&pdp_ext_f=%7B%22order%22%3A%22223%22%2C%22eval%22%3A%221%22%2C%22fromPage%22%3A%22search%22%7D&pdp_npi=6%40dis%21USD%213.83%213.83%21%21%213.83%213.83%21%4021032c8d17906275050278381e115c%2112000020676459358%21sea%21US%212891746612%21X%211%210%21n_tag%3A-29919%3Bd%3A6dcb8e0a%3Bm03_new_user%3A-29895&curPageLogUid=IkEmpuOUfaD0&utparam-url=scene%3Asearch%7Cquery_from%3A%7Cx_object_id%3A1005002443118583%7C_p_origin_prod%3A
revo-joint-encoder,Connector,J2,Programming,1,Connector_PinSocket_2.54mm:PinSocket_1x03_P2.54mm_Vertical,,,,https://www.aliexpress.com/item/2255801012106911.html
revo-joint-encoder,Connector,J3,LED,1,Connector_PinSocket_2.54mm:PinSocket_1x03_P2.54mm_Vertical,,,,https://www.aliexpress.us/item/2255801135343815.html?spm=a2g0o.productlist.main.11.52cb1ce7xnU4Go&algo_pvid=6c646385-12e5-4009-be76-18548d10e406&algo_exp_id=6c646385-12e5-4009-be76-18548d10e406-10&pdp_ext_f=%7B%22order%22%3A%22154%22%2C%22eval%22%3A%221%22%2C%22fromPage%22%3A%22search%22%7D&pdp_npi=6%40dis%21USD%212.97%212.97%21%21%212.97%212.97%21%402101c28d17906274642294126e0ea0%2112000026900919486%21sea%21US%212891746612%21X%211%210%21n_tag%3A-29919%3Bd%3A6dcb8e0a%3Bm03_new_user%3A-29895&curPageLogUid=txx0QJYTnEhR&utparam-url=scene%3Asearch%7Cquery_from%3A%7Cx_object_id%3A4001321658567%7C_p_origin_prod%3A
revo-joint-encoder,Resistor,"R13, R14",4.7k,2,Resistor_SMD:R_0805_2012Metric_Pad1.20x1.40mm_HandSolder,,DNP,,https://www.aliexpress.us/item/2255801135343815.html?spm=a2g0o.productlist.main.10.370f1ccem1fvIu&algo_pvid=a24b1b84-8ad8-43c4-b686-f8a9c4057675&algo_exp_id=a24b1b84-8ad8-43c4-b686-f8a9c4057675-9&pdp_ext_f=%7B%22order%22%3A%22154%22%2C%22eval%22%3A%221%22%2C%22fromPage%22%3A%22search%22%7D&pdp_npi=6%40dis%21USD%212.97%212.97%21%21%212.97%212.97%21%402103128917906270153527611e1062%2112000026900919486%21sea%21US%212891746612%21X%211%210%21n_tag%3A-29919%3Bd%3A6dcb8e0a%3Bm03_new_user%3A-29895&curPageLogUid=eUM3iRwKqA3W&utparam-url=scene%3Asearch%7Cquery_from%3A%7Cx_object_id%3A4001321658567%7C_p_origin_prod%3A
revo-joint-encoder,Resistor,R15,330R,1,Resistor_SMD:R_0805_2012Metric_Pad1.20x1.40mm_HandSolder,,,,https://www.aliexpress.us/item/2255801135343815.html?spm=a2g0o.productlist.main.10.370f1ccem1fvIu&algo_pvid=a24b1b84-8ad8-43c4-b686-f8a9c4057675&algo_exp_id=a24b1b84-8ad8-43c4-b686-f8a9c4057675-9&pdp_ext_f=%7B%22order%22%3A%22154%22%2C%22eval%22%3A%221%22%2C%22fromPage%22%3A%22search%22%7D&pdp_npi=6%40dis%21USD%212.97%212.97%21%21%212.97%212.97%21%402103128917906270153527611e1062%2112000026900919486%21sea%21US%212891746612%21X%211%210%21n_tag%3A-29919%3Bd%3A6dcb8e0a%3Bm03_new_user%3A-29895&curPageLogUid=eUM3iRwKqA3W&utparam-url=scene%3Asearch%7Cquery_from%3A%7Cx_object_id%3A4001321658567%7C_p_origin_prod%3A
revo-joint-encoder,Resistor,R16,220R,1,Resistor_SMD:R_0805_2012Metric_Pad1.20x1.40mm_HandSolder,,,,https://www.aliexpress.us/item/2255801135343815.html?spm=a2g0o.productlist.main.10.370f1ccem1fvIu&algo_pvid=a24b1b84-8ad8-43c4-b686-f8a9c4057675&algo_exp_id=a24b1b84-8ad8-43c4-b686-f8a9c4057675-9&pdp_ext_f=%7B%22order%22%3A%22154%22%2C%22eval%22%3A%221%22%2C%22fromPage%22%3A%22search%22%7D&pdp_npi=6%40dis%21USD%212.97%212.97%21%21%212.97%212.97%21%402103128917906270153527611e1062%2112000026900919486%21sea%21US%212891746612%21X%211%210%21n_tag%3A-29919%3Bd%3A6dcb8e0a%3Bm03_new_user%3A-29895&curPageLogUid=eUM3iRwKqA3W&utparam-url=scene%3Asearch%7Cquery_from%3A%7Cx_object_id%3A4001321658567%7C_p_origin_prod%3A
revo-joint-encoder,Magnetic Encoder,U1,AS5600,1,AS5600:SOIC8,,,,https://www.aliexpress.com/item/1005006120894562.html
Hardware / Off-the-Shelf,PCB Fabrication,,JLCPCB Custom PCBs (Revo V1 Set),1 set (12 pcs),,Revo V1 Gerber Set,,"12 PCBs total: revo-main, main-bottom, servo, servo-hat, joint-encoder",https://jlcpcb.com/
