PCB,Type,Reference,Value,Quantity,Footprint,Part Number,DNP,Datasheet
Hardware / Off-the-Shelf,Servo Motor,,80KG High Torque Digital Servo (270°),3,,80KG 270°,,"1/5 scale waterproof metal gear servos for base, shoulder, and elbow joints"
Hardware / Off-the-Shelf,Servo Motor,,MG996R Metal Gear Digital Servo,4,,MG996R,,4.8V–6.0V high torque standard servos for wrist and gripper joints
Hardware / Off-the-Shelf,Hardware,,18T Round Disc Metal Servo Horn,2,,18T Disc,,Round disc steering servo horn for 60KG/80KG/150KG servos
Hardware / Off-the-Shelf,Hardware,,MG996R Metal Servo Horns (25T),4,,25T Horn,,Metal steering servo horns for MG996R servos
Hardware / Off-the-Shelf,Bearing,,6806-2RS Deep Groove Ball Bearings,2,,6806-2RS,,30mm ID x 42mm OD x 7mm bore double sealed chrome steel bearings for joints
Hardware / Off-the-Shelf,Magnet,,Radial Magnet for AS5600,4,,Radial Magnet,,Diametrically / radially magnetized disc magnets for AS5600 magnetic encoders
Hardware / Off-the-Shelf,Magnet,,6x2mm Neodymium Disc Magnets (N35),1 pack,,N35 6x2mm,,Permanent NdFeB round magnets for latching/accessories
Hardware / Off-the-Shelf,Fastener,,M2.5 Heat-Set Brass Threaded Inserts,100 pcs,,M2.5*3*4,,M2.5 x 3mm x 4mm knurled embed nuts for 3D printed components
Hardware / Off-the-Shelf,Fastener,,M2.5 Screw Assortment,1 pack,,M2.5 Assorted,,Assorted lengths for robot arm structure and PCB mounting
Hardware / Off-the-Shelf,Fastener,,M3 Low-Profile Socket Head Screws,1 pack,,M3 Hex Cap,,304 stainless steel Allen hex thin/short head cap bolts
Hardware / Off-the-Shelf,Power Supply,,180W Dell Power Supply AC Adapter,1,,Dell 180W,,19.5V 180W power brick for main system power
Hardware / Off-the-Shelf,Adapter,,Dell 7.4x5.0mm to XT60 Adapter (XT-017),1,,XT-017,,Converts Dell power brick 7.4x5.0mm barrel jack to XT60 plug
Hardware / Off-the-Shelf,Buck Converter Module,,10A Step-Down Buck Converter Module,2,,10A Buck,,4-32V to 1.2-32V adjustable CV/CC step-down regulator for servo/system power
Hardware / Off-the-Shelf,Buck Converter Module,,MP1584EN 3A Buck Converter Module,2,,MP1584EN,,Ultra-compact 3A adjustable DC-DC step-down power module (Mini360 style)
Hardware / Off-the-Shelf,Switch,,Red Mushroom Emergency Stop Switch,1,,E-STOP DPST,,"1NO 1NC DPST latching push-button E-STOP switch (660V 10A, plugs into J17)"
Hardware / Off-the-Shelf,Camera,,Aptina AR0144 720P 60fps Global Shutter Camera,1,,AR0144,,High-speed 170° fisheye USB camera module for tracking and vision
Hardware / Off-the-Shelf,Camera,,OV9726 1MP USB Camera Module,4,,OV9726,,720P CMOS 50° FOV USB cameras (used in camera_server.py)
Hardware / Off-the-Shelf,Fan,,3010 Cooling Fan (12V),1,,3010 12V,,30x30x10mm 2-pin 12V DC cooling fan (connects to FAN PWR J24/J23)
Hardware / Off-the-Shelf,RGB LED Module,,WS2812B RGB LED Ring (12-Bit),2,,WS2812B 12-bit,,5050 RGB LED ring with integrated WS2812 drivers (12 LEDs each)
Hardware / Off-the-Shelf,Wiring,,18AWG Tinned Copper Wire (5m),5m,,18AWG 5M,,Flexible PVC tinned copper high-current power delivery cable
Hardware / Off-the-Shelf,Wiring / Cable,,XT60 Male to Female Extension Cable,1,,14AWG XT60 10CM,,14AWG silicone wire extension cable (10cm)
Hardware / Off-the-Shelf,Wiring / Connector,,JST 1.25mm 4-Pin Pre-Crimped Cables,10 pairs,,JST 1.25mm 4P,,Micro 4-pin male/female plugs with 100mm 26AWG wire for RS485 daisy chain
Hardware / Off-the-Shelf,Wiring,,Assorted Hookup Wires,1 set,,Assorted Wires,,General length jumper and hookup wires
Hardware / Off-the-Shelf,Connector,,XT60E-M Screw-Mount Male Plug,1,,XT60E-M,,Gold-plated panel/chassis mount XT60 connector (matches mainboard J21)
Hardware / Off-the-Shelf,Connector,,2.54mm Pin Headers Kit,30 pcs,,2.54mm Headers,,Straight & right-angle male and female 2.54mm headers for PCBs
Hardware / Off-the-Shelf,Connector Kit,,JST 1.25mm Horizontal Connector Kit,1 box,,JST 1.25mm Box,,"Horizontal sockets, plugs, and crimp pins for servo data bus"
Hardware / Off-the-Shelf,Connector Kit,,VH 3.96mm Connector Kit,1 box,,VH 3.96mm Box,,VH 3.96mm housings and terminals for high-current power connectors (B2PS-VH)
Hardware / Off-the-Shelf,Connector Kit,,PH 2.0mm Connector Kit,2 boxes,,PH 2.0mm Box,,PH 2.0mm housings and crimp terminals for LiPo / sensor wiring
Hardware / Off-the-Shelf,Tool,,Terminal Crimping Pliers (SN-2549),1,,SN-2549,,"Crimping tool for JST 1.25mm, PH 2.0mm, VH 3.96mm, SM 2.54mm terminals"
Hardware / Off-the-Shelf,MCU Module,,Raspberry Pi Pico,1,,RPi Pico,,RP2040 microcontroller board for revo mainboard (A1)
Hardware / Off-the-Shelf,Current Monitor IC,,INA219AIDR Current Sensor IC,6,,INA219AIDR,,SOIC-8 I2C bidirectional current/power monitor ICs (spares/on-board)
Hardware / Off-the-Shelf,Voltage Regulator,,HT7333 / HT7350 LDO Regulators,10-pack,,HT7333 / HT7350,,SOT-89 250mA low-dropout regulators (both 3.3V and 5.0V)
Hardware / Off-the-Shelf,Thermistor,,NTC Thermistor 10k (MF52AT),4 (plus 20pc pack),,MF52AT 10k,,"B=3950, 10kΩ @ 25°C thermal sensors for servo motor monitoring"
revo-main,Capacitor,C2,470uF,1,Capacitor_THT:CP_Radial_D10.0mm_P5.00mm,35ZLH470MEFCT810X16,,
revo-main,Capacitor,"C3, C4, C6",470uF,3,Capacitor_THT:CP_Radial_D10.0mm_P5.00mm,25ZLH470MEFC10X12.5,,
revo-main,Capacitor,"C7, C8, C9",0.1uF,3,Capacitor_SMD:C_0805_2012Metric_Pad1.18x1.45mm_HandSolder,,,
revo-main,Capacitor,C11,1000uF,1,Capacitor_THT:CP_Radial_D10.0mm_P5.00mm,16ZLH1000MEFC10X16,,
revo-main,Capacitor,"C12, C13",10uF,2,Capacitor_SMD:C_0805_2012Metric_Pad1.18x1.45mm_HandSolder,,,
revo-main,Diode,D1,SS34,1,Diode_SMD:D_SMA,,,https://www.vishay.com/docs/88751/ss32.pdf
revo-main,Diode,D2,SS54,1,SS54:DO-214AC,SS54,,
revo-main,LED,"D5, D6",LED,2,Diode_SMD:D_0805_2012Metric_Pad1.15x1.40mm_HandSolder,,,
revo-main,Fuse,F1,25A,1,ray:Fuse_1808,,,
revo-main,Fuse,F2,10A,1,ray:Fuse_1808,,,
revo-main,Connector,"J4, J5, J6, J7, J20",JST_2mm_LiPo,5,Connector_JST:JST_PH_B2B-PH-K_1x02_P2.00mm_Vertical,,,
revo-main,Connector,"J8, J9, J10",DS5180,3,Connector_PinHeader_2.54mm:PinHeader_1x03_P2.54mm_Vertical,,,
revo-main,Connector,J12,SERVO CONN,1,Connector_PinHeader_2.54mm:PinHeader_1x03_P2.54mm_Vertical,,,
revo-main,Connector,J13,KF301-2P,1,KF7.62:KF7.62_2P,,,
revo-main,Connector,"J14, J16, J19",KF301-2P,3,KF301-2P:HANDSON_KF301-2P,,,
revo-main,Connector,J15,BUZZER,1,Connector_PinHeader_2.54mm:PinHeader_1x01_P2.54mm_Vertical,,,
revo-main,Connector,J17,E-STOP,1,Connector_PinHeader_2.54mm:PinHeader_1x02_P2.54mm_Vertical,,,
revo-main,Connector,J21,XT60-M,1,XT60-M:AMASS_XT60-M,,,
revo-main,Connector,J24,FAN PWR,1,Connector_PinHeader_2.54mm:PinHeader_1x02_P2.54mm_Vertical,,,
revo-main,Connector,J26,Conn,1,Connector_PinHeader_2.54mm:PinHeader_1x03_P2.54mm_Vertical,,,
revo-main,Connector,J28,3V3,1,Connector_PinHeader_2.54mm:PinHeader_1x02_P2.54mm_Vertical,,,
revo-main,Connector,J29,I2C,1,Connector_PinHeader_2.54mm:PinHeader_1x02_P2.54mm_Vertical,,,
revo-main,Connector,"J34, J35",Conn,2,Connector_PinHeader_2.54mm:PinHeader_1x01_P2.54mm_Vertical,,,
revo-main,Buzzer,LS1,CEM-1206S,1,CEM_1206S:CUI_CEM-1206S,,,
revo-main,MOSFET,Q2,2N7002,1,Package_TO_SOT_SMD:SOT-23,,,https://www.onsemi.com/pub/Collateral/NDS7002A-D.PDF
revo-main,MOSFET,Q3,AOD4185,1,Package_TO_SOT_SMD:TO-252-2,,,AOD4185
revo-main,MOSFET,Q4,BSS138,1,Package_TO_SOT_SMD:SOT-23,,,https://www.onsemi.com/pub/Collateral/BSS138-D.PDF
revo-main,Resistor,"R1, R2, R3",0.02R 2W,3,Resistor_SMD:R_2512_6332Metric_Pad1.40x3.35mm_HandSolder,CRA2512-FZ-R020ELF,,
revo-main,Resistor,"R5, R6, R7, R23",10k,4,Resistor_SMD:R_0805_2012Metric_Pad1.20x1.40mm_HandSolder,,,
revo-main,Resistor,R20,330R,1,Resistor_SMD:R_0805_2012Metric_Pad1.20x1.40mm_HandSolder,,,
revo-main,Resistor,R21,2.2K,1,Resistor_THT:R_Axial_DIN0207_L6.3mm_D2.5mm_P10.16mm_Horizontal,13-MFR50SFTE52-2K2CT-ND,,
revo-main,Resistor,R22,100R,1,Resistor_SMD:R_0805_2012Metric_Pad1.20x1.40mm_HandSolder,,,
revo-main,Switch,SW1,Home,1,Button_Switch_SMD:SW_Tactile_SPST_NO_Straight_CK_PTS636Sx25SMTRLFS,,,
revo-main,Voltage Regulator,U1,HT7350,1,HT7333:IC_HT7333,,,
revo-main,Current Monitor IC,"U6, U9, U10",INA219AxD,3,Package_SO:SOIC-8_3.9x4.9mm_P1.27mm,,,http://www.ti.com/lit/ds/symlink/ina219.pdf
revo-main,Connector,X1,Power,1,B2PS-VH:B2PS-VH,,,
revo-main-bottom,MCU Module,A1,RaspberryPi_Pico,1,Module:RaspberryPi_Pico_Common_Unspecified,,,https://datasheets.raspberrypi.com/pico/pico-datasheet.pdf
revo-main-bottom,Capacitor,C5,0.1uF,1,Capacitor_SMD:C_0805_2012Metric_Pad1.18x1.45mm_HandSolder,,,
revo-main-bottom,Capacitor,C10,100uF,1,Capacitor_THT:CP_Radial_D6.3mm_P2.50mm,732-8707-1-ND,,
revo-main-bottom,Connector,"J1, J3",Main Connector,2,PCM_SparkFun-Connector:JST_1x04_P2.0mm_Vertical_PTH,,,https://www.sparkfun.com/datasheets/Prototyping/ePH.pdf
revo-main-bottom,Connector,J2,Data In,1,PCM_SparkFun-Connector:JST_1x04_P1.25mm_Locking_Horizontal_SMD,,,https://www.jst-mfg.com/product/pdf/eng/eGH.pdf
revo-main-bottom,Connector,J11,RPi 5 SPI,1,Connector_PinHeader_2.54mm:PinHeader_1x05_P2.54mm_Vertical,,,
revo-main-bottom,Connector,J18,BUZZER,1,Connector_PinHeader_2.54mm:PinHeader_1x01_P2.54mm_Vertical,,,
revo-main-bottom,Connector,J22,SERVO CONN,1,Connector_PinHeader_2.54mm:PinHeader_1x03_P2.54mm_Vertical,,,
revo-main-bottom,Connector,J23,FAN PWR,1,Connector_PinHeader_2.54mm:PinHeader_1x02_P2.54mm_Vertical,,,
revo-main-bottom,Connector,J25,Conn,1,Connector_PinHeader_2.54mm:PinHeader_1x03_P2.54mm_Vertical,,,
revo-main-bottom,Connector,J27,3V3,1,Connector_PinHeader_2.54mm:PinHeader_1x02_P2.54mm_Vertical,,,
revo-main-bottom,Connector,J30,I2C,1,Connector_PinHeader_2.54mm:PinHeader_1x02_P2.54mm_Vertical,,,
revo-main-bottom,Connector,"J32, J36",Conn,2,Connector_PinHeader_2.54mm:PinHeader_1x01_P2.54mm_Vertical,,,
revo-main-bottom,Resistor,R4,120R,1,Resistor_SMD:R_0805_2012Metric_Pad1.20x1.40mm_HandSolder,,,
revo-main-bottom,Resistor,"R8, R9",4.7k,2,Resistor_SMD:R_0805_2012Metric_Pad1.20x1.40mm_HandSolder,,,
revo-main-bottom,Resistor,R10,10k,1,Resistor_SMD:R_0805_2012Metric_Pad1.20x1.40mm_HandSolder,,,
revo-main-bottom,Resistor,R11,1.5k,1,Resistor_SMD:R_0805_2012Metric_Pad1.20x1.40mm_HandSolder,,,
revo-main-bottom,Buck Converter Module,"U2, U3",Mini360,2,Mini360_step-down:Mini360_step-down,,,
revo-main-bottom,RS-485 Transceiver,U7,THVD1420D,1,Package_SO:SOIC-8_3.9x4.9mm_P1.27mm,,,https://www.ti.com/lit/ds/symlink/thvd1420.pdf
revo-servo,Capacitor,"C1, C3, C5, C7",0.1uF,4,Capacitor_SMD:C_0805_2012Metric_Pad1.18x1.45mm_HandSolder,,,
revo-servo,Capacitor,C4,100uF,1,Capacitor_SMD:CP_Elec_6.3x5.4,,,
revo-servo,Capacitor,"C8, C9",10uF,2,Capacitor_SMD:C_0805_2012Metric_Pad1.18x1.45mm_HandSolder,,,
revo-servo,Diode,D1,SS34,1,Diode_SMD:D_SMA,,,https://www.vishay.com/docs/88751/ss32.pdf
revo-servo,LED,"D3, D4, D5",LED,3,Diode_SMD:D_0805_2012Metric_Pad1.15x1.40mm_HandSolder,,,
revo-servo,Connector,J1,Programming,1,Connector_PinSocket_2.54mm:PinSocket_1x03_P2.54mm_Vertical,,,
revo-servo,Connector,J2,Data In,1,PCM_SparkFun-Connector:JST_1x04_P1.25mm_Locking_Horizontal_SMD,,,https://www.jst-mfg.com/product/pdf/eng/eGH.pdf
revo-servo,Connector,J3,Data Out,1,PCM_SparkFun-Connector:JST_1x04_P1.25mm_Locking_Horizontal_SMD,,,https://www.jst-mfg.com/product/pdf/eng/eGH.pdf
revo-servo,Connector,J4,Motor,1,Connector_PinSocket_2.54mm:PinSocket_1x03_P2.54mm_Vertical,,,
revo-servo,Connector,J6,Sensor Board Connector,1,Connector_PinHeader_2.54mm:PinHeader_1x06_P2.54mm_Horizontal,,,
revo-servo,Jumper,"JP1, JP2, JP3",Jumper_2_Open,3,Jumper:SolderJumper-2_P1.3mm_Open_TrianglePad1.0x1.5mm,,,
revo-servo,Resistor,R1,0.1R 2W,1,Resistor_SMD:R_2512_6332Metric_Pad1.40x3.35mm_HandSolder,,,
revo-servo,Resistor,R4,120R,1,Resistor_SMD:R_0805_2012Metric_Pad1.20x1.40mm_HandSolder,,DNP,
revo-servo,Resistor,"R11, R12, R15",4.7k,3,Resistor_SMD:R_0805_2012Metric_Pad1.20x1.40mm_HandSolder,,,
revo-servo,Resistor,R13,330R,1,Resistor_SMD:R_0805_2012Metric_Pad1.20x1.40mm_HandSolder,,,
revo-servo,Resistor,"R14, R20",220R,2,Resistor_SMD:R_0805_2012Metric_Pad1.20x1.40mm_HandSolder,,,
revo-servo,Resistor,"R16, R19",10k,2,Resistor_SMD:R_0805_2012Metric_Pad1.20x1.40mm_HandSolder,,,
revo-servo,Thermistor,R17,NTC 10k,1,Resistor_THT:R_Axial_DIN0204_L3.6mm_D1.6mm_P5.08mm_Horizontal,,,
revo-servo,Resistor,R18,20k,1,Resistor_SMD:R_0805_2012Metric_Pad1.20x1.40mm_HandSolder,,,
revo-servo,Switch,SW1,Home,1,Button_Switch_SMD:SW_Tactile_SPST_NO_Straight_CK_PTS636Sx25SMTRLFS,,,
revo-servo,Switch,SW2,Step,1,Button_Switch_SMD:SW_Tactile_SPST_NO_Straight_CK_PTS636Sx25SMTRLFS,,,
revo-servo,Test Point,"TP1, TP2, TP3, TP4, TP5, TP6, TP7, TP8, TP9, TP10",1.0mm,10,PCM_SparkFun-Connector:TestPoint-1.0mm,,,
revo-servo,MCU,U1,ATtiny3216-S,1,Package_SO:SOIC-20W_7.5x12.8mm_P1.27mm,,,http://ww1.microchip.com/downloads/en/DeviceDoc/ATtiny3216_ATtiny1616-data-sheet-40001997B.pdf
revo-servo,RS-485 Transceiver,U2,THVD1420D,1,Package_SO:SOIC-8_3.9x4.9mm_P1.27mm,,,https://www.ti.com/lit/ds/symlink/thvd1420.pdf
revo-servo,Current Monitor IC,U3,INA219AxD,1,Package_SO:SOIC-8_3.9x4.9mm_P1.27mm,,,http://www.ti.com/lit/ds/symlink/ina219.pdf
revo-servo,Voltage Regulator,U6,HT7333,1,HT7333:IC_HT7333,,,
revo-servo,Connector,X1,Power,1,B2PS-VH:B2PS-VH,,,
revo-servo,Connector,X2,Power Out,1,B2PS-VH:B2PS-VH,,,
revo-servo-hat,Capacitor,"C7, C8, C9",0.1uF,3,Capacitor_SMD:C_0805_2012Metric_Pad1.18x1.45mm_HandSolder,,,
revo-servo-hat,RGB LED,D1,WS2812B_5050,1,LED_SMD:LED_WS2812B_PLCC4_5.0x5.0mm_P3.2mm,,,https://cdn.sparkfun.com/datasheets/BreakoutBoards/WS2812B.pdf
revo-servo-hat,LED,D4,LED,1,Diode_SMD:D_0805_2012Metric_Pad1.15x1.40mm_HandSolder,,,
revo-servo-hat,Connector,J1,Sensor Board Connector,1,Connector_PinHeader_2.54mm:PinHeader_1x06_P2.54mm_Horizontal,,,
revo-servo-hat,Resistor,R13,330R,1,Resistor_SMD:R_0805_2012Metric_Pad1.20x1.40mm_HandSolder,,,
revo-servo-hat,Resistor,R14,220R,1,Resistor_SMD:R_0805_2012Metric_Pad1.20x1.40mm_HandSolder,,,
revo-servo-hat,Magnetic Encoder,U1,AS5600,1,AS5600:SOIC8,,,
revo-servo-hat,Hall Sensor,U2,DRV5032ZEDBZR,1,DRV5032FBDBZR:SOT95P237X112-3N,,,
revo-joint-encoder,Capacitor,C7,0.1uF,1,Capacitor_SMD:C_0805_2012Metric_Pad1.18x1.45mm_HandSolder,,,
revo-joint-encoder,LED,D4,LED,1,Diode_SMD:D_0805_2012Metric_Pad1.15x1.40mm_HandSolder,,,
revo-joint-encoder,Connector,J1,Main Connector,1,PCM_SparkFun-Connector:JST_1x04_P2.0mm_Horizontal_PTH,,,https://www.sparkfun.com/datasheets/Prototyping/ePH.pdf
revo-joint-encoder,Connector,J2,Programming,1,Connector_PinSocket_2.54mm:PinSocket_1x03_P2.54mm_Vertical,,,
revo-joint-encoder,Connector,J3,LED,1,Connector_PinSocket_2.54mm:PinSocket_1x03_P2.54mm_Vertical,,,
revo-joint-encoder,Resistor,"R13, R14",4.7k,2,Resistor_SMD:R_0805_2012Metric_Pad1.20x1.40mm_HandSolder,,DNP,
revo-joint-encoder,Resistor,R15,330R,1,Resistor_SMD:R_0805_2012Metric_Pad1.20x1.40mm_HandSolder,,,
revo-joint-encoder,Resistor,R16,220R,1,Resistor_SMD:R_0805_2012Metric_Pad1.20x1.40mm_HandSolder,,,
revo-joint-encoder,Magnetic Encoder,U1,AS5600,1,AS5600:SOIC8,,,
